ExperimentID,ParallelTaskID,ShardID,Replication,Controller,Fairness,Worker,Retry,TotalBuildTimeSec,TotalSolveTimeSec,OptimizationFailures,PhysicalViolations,CompletionStatus,FailureMessage
oos_experiment,TK-PB-Drahi_13-d2-HOM-UHI-0300d9cc8f-r5,TK-PB-Drahi_13-d2-HOM-UHI-0300d9cc8f-r5,5,DETERMINISTIC_RH,LEXMMFPEA,7,0,0.01983809471130371,0.1417386531829834,0,0,completed,
oos_experiment,TK-PB-Drahi_13-d2-HOM-UHI-0300d9cc8f-r5,TK-PB-Drahi_13-d2-HOM-UHI-0300d9cc8f-r5,5,DETERMINISTIC_RH,LEXMMFPEA,7,0,0.0159912109375,0.11974096298217773,0,0,completed,
oos_experiment,TK-PB-Drahi_13-d2-HOM-UHI-0300d9cc8f-r5,TK-PB-Drahi_13-d2-HOM-UHI-0300d9cc8f-r5,5,DETERMINISTIC_RH,LEXMMFSA,7,0,0.019423961639404297,0.14725208282470703,0,0,completed,
oos_experiment,TK-PB-Drahi_13-d2-HOM-UHI-0300d9cc8f-r5,TK-PB-Drahi_13-d2-HOM-UHI-0300d9cc8f-r5,5,DETERMINISTIC_RH,LEXMMFSA,7,0,0.018069028854370117,0.13373494148254395,0,0,completed,
oos_experiment,TK-PB-Drahi_13-d2-HOM-UHI-0300d9cc8f-r5,TK-PB-Drahi_13-d2-HOM-UHI-0300d9cc8f-r5,5,DETERMINISTIC_RH,NONE,7,0,0.01943659782409668,0.03530168533325195,0,0,completed,
oos_experiment,TK-PB-Drahi_13-d2-HOM-UHI-0300d9cc8f-r5,TK-PB-Drahi_13-d2-HOM-UHI-0300d9cc8f-r5,5,DETERMINISTIC_RH,NONE,7,0,0.015873193740844727,0.03168535232543945,0,0,completed,
oos_experiment,TK-PB-Drahi_13-d2-HOM-UHI-0300d9cc8f-r5,TK-PB-Drahi_13-d2-HOM-UHI-0300d9cc8f-r5,5,DETERMINISTIC_RH,PEA,7,0,0.02209758758544922,0.03805994987487793,0,0,completed,
oos_experiment,TK-PB-Drahi_13-d2-HOM-UHI-0300d9cc8f-r5,TK-PB-Drahi_13-d2-HOM-UHI-0300d9cc8f-r5,5,DETERMINISTIC_RH,PEA,7,0,0.01687455177307129,0.032321929931640625,0,0,completed,
oos_experiment,TK-PB-Drahi_13-d2-HOM-UHI-0300d9cc8f-r5,TK-PB-Drahi_13-d2-HOM-UHI-0300d9cc8f-r5,5,DETERMINISTIC_RH,SA,7,0,0.029100894927978516,0.03948521614074707,0,0,completed,
oos_experiment,TK-PB-Drahi_13-d2-HOM-UHI-0300d9cc8f-r5,TK-PB-Drahi_13-d2-HOM-UHI-0300d9cc8f-r5,5,DETERMINISTIC_RH,SA,7,0,0.11276388168334961,0.04310202598571777,0,0,completed,
oos_experiment,TK-PB-Drahi_13-d2-HOM-UHI-0300d9cc8f-r5,TK-PB-Drahi_13-d2-HOM-UHI-0300d9cc8f-r5,5,DETERMINISTIC_RH,STATIC_DEMAND_SHARE,7,0,0.023627281188964844,0.035153865814208984,0,0,completed,
oos_experiment,TK-PB-Drahi_13-d2-HOM-UHI-0300d9cc8f-r5,TK-PB-Drahi_13-d2-HOM-UHI-0300d9cc8f-r5,5,DETERMINISTIC_RH,STATIC_DEMAND_SHARE,7,0,0.018205881118774414,0.03264284133911133,0,0,completed,
oos_experiment,TK-PB-Drahi_13-d2-HOM-UHI-0300d9cc8f-r5,TK-PB-Drahi_13-d2-HOM-UHI-0300d9cc8f-r5,5,MULTISTAGE_RH,LEXMMFPEA,7,0,1.0372631549835205,80.02370119094849,0,0,completed,
oos_experiment,TK-PB-Drahi_13-d2-HOM-UHI-0300d9cc8f-r5,TK-PB-Drahi_13-d2-HOM-UHI-0300d9cc8f-r5,5,MULTISTAGE_RH,LEXMMFPEA,7,0,1.980090856552124,68.53759622573853,0,0,completed,
oos_experiment,TK-PB-Drahi_13-d2-HOM-UHI-0300d9cc8f-r5,TK-PB-Drahi_13-d2-HOM-UHI-0300d9cc8f-r5,5,MULTISTAGE_RH,LEXMMFSA,7,0,1.1292634010314941,84.03297686576843,0,0,completed,
oos_experiment,TK-PB-Drahi_13-d2-HOM-UHI-0300d9cc8f-r5,TK-PB-Drahi_13-d2-HOM-UHI-0300d9cc8f-r5,5,MULTISTAGE_RH,LEXMMFSA,7,0,1.1718745231628418,50.46329116821289,0,0,completed,
oos_experiment,TK-PB-Drahi_13-d2-HOM-UHI-0300d9cc8f-r5,TK-PB-Drahi_13-d2-HOM-UHI-0300d9cc8f-r5,5,MULTISTAGE_RH,NONE,7,0,1.8844268321990967,5.043270826339722,0,0,completed,
oos_experiment,TK-PB-Drahi_13-d2-HOM-UHI-0300d9cc8f-r5,TK-PB-Drahi_13-d2-HOM-UHI-0300d9cc8f-r5,5,MULTISTAGE_RH,NONE,7,0,0.8493831157684326,4.9791319370269775,0,0,completed,
oos_experiment,TK-PB-Drahi_13-d2-HOM-UHI-0300d9cc8f-r5,TK-PB-Drahi_13-d2-HOM-UHI-0300d9cc8f-r5,5,MULTISTAGE_RH,PEA,7,0,7.860184907913208,7.796165704727173,0,0,completed,
oos_experiment,TK-PB-Drahi_13-d2-HOM-UHI-0300d9cc8f-r5,TK-PB-Drahi_13-d2-HOM-UHI-0300d9cc8f-r5,5,MULTISTAGE_RH,PEA,7,0,6.609137058258057,7.78900671005249,0,0,completed,
oos_experiment,TK-PB-Drahi_13-d2-HOM-UHI-0300d9cc8f-r5,TK-PB-Drahi_13-d2-HOM-UHI-0300d9cc8f-r5,5,MULTISTAGE_RH,SA,7,0,14.740271091461182,6.359844446182251,0,0,completed,
oos_experiment,TK-PB-Drahi_13-d2-HOM-UHI-0300d9cc8f-r5,TK-PB-Drahi_13-d2-HOM-UHI-0300d9cc8f-r5,5,MULTISTAGE_RH,SA,7,0,14.582164287567139,10.496986627578735,0,0,completed,
oos_experiment,TK-PB-Drahi_13-d2-HOM-UHI-0300d9cc8f-r5,TK-PB-Drahi_13-d2-HOM-UHI-0300d9cc8f-r5,5,MULTISTAGE_RH,STATIC_DEMAND_SHARE,7,0,2.239962100982666,4.761558771133423,0,0,completed,
oos_experiment,TK-PB-Drahi_13-d2-HOM-UHI-0300d9cc8f-r5,TK-PB-Drahi_13-d2-HOM-UHI-0300d9cc8f-r5,5,MULTISTAGE_RH,STATIC_DEMAND_SHARE,7,0,1.9207940101623535,3.8925883769989014,0,0,completed,
oos_experiment,TK-PB-Drahi_13-d2-HOM-UHI-0300d9cc8f-r5,TK-PB-Drahi_13-d2-HOM-UHI-0300d9cc8f-r5,5,TWO_STAGE_RH,LEXMMFPEA,7,0,4.923396110534668,394.9967188835144,0,0,completed,
oos_experiment,TK-PB-Drahi_13-d2-HOM-UHI-0300d9cc8f-r5,TK-PB-Drahi_13-d2-HOM-UHI-0300d9cc8f-r5,5,TWO_STAGE_RH,LEXMMFPEA,7,0,4.184169769287109,429.86015462875366,0,0,completed,
oos_experiment,TK-PB-Drahi_13-d2-HOM-UHI-0300d9cc8f-r5,TK-PB-Drahi_13-d2-HOM-UHI-0300d9cc8f-r5,5,TWO_STAGE_RH,LEXMMFSA,7,0,4.486217975616455,305.9412269592285,0,0,completed,
oos_experiment,TK-PB-Drahi_13-d2-HOM-UHI-0300d9cc8f-r5,TK-PB-Drahi_13-d2-HOM-UHI-0300d9cc8f-r5,5,TWO_STAGE_RH,LEXMMFSA,7,0,3.0598933696746826,303.33178448677063,0,0,completed,
oos_experiment,TK-PB-Drahi_13-d2-HOM-UHI-0300d9cc8f-r5,TK-PB-Drahi_13-d2-HOM-UHI-0300d9cc8f-r5,5,TWO_STAGE_RH,NONE,7,0,4.064976930618286,13.605550050735474,0,0,completed,
oos_experiment,TK-PB-Drahi_13-d2-HOM-UHI-0300d9cc8f-r5,TK-PB-Drahi_13-d2-HOM-UHI-0300d9cc8f-r5,5,TWO_STAGE_RH,NONE,7,0,3.0923919677734375,12.016000747680664,0,0,completed,
oos_experiment,TK-PB-Drahi_13-d2-HOM-UHI-0300d9cc8f-r5,TK-PB-Drahi_13-d2-HOM-UHI-0300d9cc8f-r5,5,TWO_STAGE_RH,PEA,7,0,25.757694721221924,28.979095220565796,0,0,completed,
oos_experiment,TK-PB-Drahi_13-d2-HOM-UHI-0300d9cc8f-r5,TK-PB-Drahi_13-d2-HOM-UHI-0300d9cc8f-r5,5,TWO_STAGE_RH,PEA,7,0,17.837682962417603,29.16236114501953,0,0,completed,
oos_experiment,TK-PB-Drahi_13-d2-HOM-UHI-0300d9cc8f-r5,TK-PB-Drahi_13-d2-HOM-UHI-0300d9cc8f-r5,5,TWO_STAGE_RH,SA,7,0,32.622538328170776,25.796706199645996,0,0,completed,
oos_experiment,TK-PB-Drahi_13-d2-HOM-UHI-0300d9cc8f-r5,TK-PB-Drahi_13-d2-HOM-UHI-0300d9cc8f-r5,5,TWO_STAGE_RH,SA,7,0,29.325684070587158,51.05562424659729,0,0,completed,
oos_experiment,TK-PB-Drahi_13-d2-HOM-UHI-0300d9cc8f-r5,TK-PB-Drahi_13-d2-HOM-UHI-0300d9cc8f-r5,5,TWO_STAGE_RH,STATIC_DEMAND_SHARE,7,0,4.68146014213562,11.734358310699463,0,0,completed,
oos_experiment,TK-PB-Drahi_13-d2-HOM-UHI-0300d9cc8f-r5,TK-PB-Drahi_13-d2-HOM-UHI-0300d9cc8f-r5,5,TWO_STAGE_RH,STATIC_DEMAND_SHARE,7,0,2.9652011394500732,11.05494737625122,0,0,completed,
