Date and time (UTC),Global_Solar_Flux,Direct_Solar_Flux,Diffuse_Solar_Flux,TGBT,T1,T2,T3,T4,T5,T6,T7,SZA,SAA,Pmax,Vmax,Imax,Voc,Isc,Tp,POA,AirTemp,wd,ws,rh,rain,GLO_ARP_J1,T2_ARP_J1,RH_ARP_J1,PMAX_ARP_J1,TPV_ARP_J1,Consommation,Fioul,Charbon,Gaz,Nucleaire,Eolien,Solaire,Hydraulique,Pompage,Bioenergies,Ech. physiques,Taux de Co2,Ech. comm. Angleterre,Ech. comm. Espagne,Ech. comm. Italie,Ech. comm. Suisse,Ech. comm. Allemagne-Belgique
2020-08-15 00:00:00+00:00,-0.66,-0.33,-0.69,16.1,0.43,1.81,0.03,0.64,1.94,1.27,4.11,90.0,-176.76,0.0,0.0,0.0,0.0,0.0,0.0,0.0,18.98,311.1,1.37,90.98,0.0,0.0,17.38,91.13,0.0,0.0,36289.3,71.77,11.23,3658.43,30097.33,457.5,-1.0,4675.8,-228.1,1078.93,-3533.37,40.7,-1507.0,-2174.0,-121.0,-252.83,513.0
2020-08-15 00:15:00+00:00,-0.62,-0.33,-0.68,16.36,0.43,1.81,0.03,0.64,2.4,0.83,4.26,90.0,-172.68,0.0,0.0,0.0,0.0,0.0,0.0,0.0,18.96,314.56,1.6,91.09,0.0,0.0,17.65,94.31,0.0,0.0,35822.8,71.27,11.73,3757.93,30132.33,450.0,-1.0,4126.8,-247.6,1080.93,-3559.87,42.2,-1507.0,-2174.0,-121.0,-340.33,513.0
2020-08-15 00:30:00+00:00,-0.57,-0.28,-0.68,16.35,0.43,1.81,0.03,0.6,1.95,0.85,4.55,90.0,-168.63,0.0,0.0,0.0,0.0,0.0,0.0,0.0,18.97,311.97,1.74,91.43,0.0,0.0,17.79,96.01,0.0,0.0,35205.33,71.0,12.0,3770.63,30105.73,434.57,-0.77,3729.47,-362.3,1083.17,-3637.93,42.77,-1507.0,-2146.7,-169.07,-538.9,550.1
2020-08-15 00:45:00+00:00,-0.62,-0.3,-0.7,16.5,0.43,1.81,0.03,0.59,2.41,0.87,4.27,90.0,-164.61,0.0,0.0,0.0,0.0,0.0,0.0,0.0,18.85,309.22,1.89,91.4,0.0,0.0,17.76,96.04,0.0,0.0,34415.33,71.0,12.0,3684.13,30008.73,410.07,-0.27,3505.47,-585.8,1085.67,-3774.93,42.27,-1507.0,-2088.2,-272.07,-864.4,629.6
2020-08-15 01:00:00+00:00,-0.76,-0.39,-0.9,16.3,0.43,1.81,0.03,0.59,1.96,0.88,4.51,90.0,-160.66,0.0,0.0,0.0,0.0,0.0,0.0,0.0,18.78,304.63,1.21,91.25,0.0,0.0,17.74,96.06,0.0,0.0,33789.83,71.0,11.77,3636.83,29971.93,391.4,0.0,3368.27,-743.5,1086.53,-4003.63,42.23,-1507.0,-2057.0,-327.0,-1049.67,672.0
2020-08-15 01:15:00+00:00,-0.85,-0.44,-1.01,16.41,0.43,1.81,0.03,0.59,2.41,0.85,4.25,90.0,-156.77,0.0,0.0,0.0,0.0,0.0,0.0,0.0,18.66,303.94,1.38,92.18,0.0,0.0,17.71,96.09,0.0,0.0,33352.33,71.0,11.27,3634.33,30003.93,379.4,0.0,3330.27,-826.0,1085.53,-4337.13,42.73,-1507.0,-2057.0,-327.0,-1074.67,672.0
2020-08-15 01:30:00+00:00,-0.7,-0.37,-0.8,17.27,0.43,2.28,0.06,0.6,2.41,0.88,4.53,90.0,-152.96,0.0,0.0,0.0,0.0,0.0,0.0,0.0,18.6,305.15,1.36,92.24,0.0,0.0,17.7,96.06,0.0,0.0,32958.0,71.0,11.23,3630.2,30023.1,369.03,0.0,3262.63,-922.97,1084.07,-4570.07,43.0,-1507.0,-2050.23,-357.57,-1087.3,620.43
2020-08-15 01:45:00+00:00,-0.59,-0.28,-0.68,16.53,0.43,1.8,0.06,0.67,1.96,0.93,4.6,90.0,-149.23,0.0,0.0,0.0,0.0,0.0,0.0,0.0,18.5,315.25,1.25,91.97,0.0,0.0,17.7,95.99,0.0,0.0,32613.0,71.0,11.73,3624.2,30027.6,360.53,0.0,3161.13,-1036.47,1082.07,-4688.07,43.0,-1507.0,-2035.73,-423.07,-1085.8,509.93
2020-08-15 02:00:00+00:00,-0.5,-0.24,-0.54,16.63,0.43,1.82,0.03,0.64,2.41,0.82,4.37,90.0,-145.58,0.0,0.0,0.0,0.0,0.0,0.0,0.0,18.39,317.34,1.46,91.71,0.0,0.0,17.7,95.92,0.0,0.0,32319.1,71.0,11.77,3634.3,29921.5,358.33,0.0,3135.0,-1099.8,1082.4,-4794.87,43.23,-1507.0,-2028.0,-458.0,-1149.17,451.0
2020-08-15 02:15:00+00:00,-0.54,-0.24,-0.64,16.7,0.43,1.84,0.03,0.63,2.5,0.81,4.22,90.0,-142.03,0.0,0.0,0.0,0.0,0.0,0.0,0.0,18.29,322.79,1.34,91.2,0.0,0.0,17.7,95.84,0.0,0.0,32083.6,71.0,11.27,3662.8,29689.0,363.33,0.0,3195.0,-1105.8,1085.4,-4888.87,43.73,-1507.0,-2028.0,-458.0,-1286.67,451.0
2020-08-15 02:30:00+00:00,-0.57,-0.29,-0.68,17.03,0.43,1.83,0.07,0.59,2.48,0.9,4.64,90.0,-138.57,0.0,0.0,0.0,0.0,0.0,0.0,0.0,18.15,321.01,1.26,90.57,0.0,0.0,17.69,95.83,0.0,0.0,31920.9,71.0,11.23,3693.4,29570.83,367.87,0.0,3226.3,-1111.33,1086.77,-4995.47,44.23,-1507.0,-2073.27,-514.93,-1106.37,513.3
2020-08-15 02:45:00+00:00,-0.61,-0.28,-0.75,17.12,0.43,1.82,0.05,0.59,2.41,0.85,4.74,90.0,-135.2,0.0,0.0,0.0,0.0,0.0,0.0,0.0,18.12,329.22,1.1,90.36,0.0,0.0,17.66,95.91,0.0,0.0,31841.4,71.0,11.73,3726.4,29583.33,371.87,0.0,3224.8,-1116.33,1086.27,-5116.47,44.73,-1507.0,-2170.27,-636.93,-562.87,646.8
2020-08-15 03:00:00+00:00,-0.76,-0.4,-0.92,16.67,0.44,1.79,0.05,0.59,2.42,0.81,4.26,90.0,-131.91,0.0,0.0,0.0,0.0,0.0,0.0,0.0,17.98,332.67,1.27,90.39,0.0,0.0,17.64,95.98,0.0,0.0,31846.83,71.0,11.77,3757.3,29569.7,373.3,0.0,3225.63,-1207.9,1085.77,-5037.97,45.23,-1507.0,-2222.0,-702.0,-343.0,729.67
2020-08-15 03:15:00+00:00,-0.66,-0.36,-0.74,16.43,0.44,1.79,0.06,0.59,2.42,0.87,4.25,90.0,-128.71,0.0,0.0,0.0,0.0,0.0,0.0,0.0,17.87,316.33,1.46,90.73,0.0,0.0,17.61,96.06,0.0,0.0,31949.33,71.0,11.27,3785.8,29526.2,371.8,0.0,3229.13,-1398.4,1085.27,-4731.47,45.73,-1507.0,-2222.0,-702.0,-493.0,754.67
2020-08-15 03:30:00+00:00,-0.65,-0.33,-0.7,17.72,0.43,1.81,0.03,1.14,2.78,0.86,4.35,90.0,-125.59,0.0,0.0,0.0,0.0,0.0,0.0,0.0,17.85,315.01,1.39,90.48,0.0,0.0,17.59,96.16,0.0,0.0,32067.47,71.23,11.23,3834.37,29512.33,374.27,0.0,3263.67,-1500.93,1087.57,-4585.27,46.23,-1507.0,-2170.43,-569.0,-714.63,506.9
2020-08-15 03:45:00+00:00,-0.62,-0.35,-0.7,17.03,0.43,1.83,0.03,0.65,2.59,0.83,4.57,90.0,-122.53,0.0,0.0,0.0,0.0,0.0,0.0,0.0,17.88,317.19,1.37,89.91,0.0,0.0,17.56,96.28,0.0,0.0,32203.47,71.73,11.73,3905.87,29532.33,381.27,0.0,3333.67,-1502.93,1093.07,-4622.27,46.73,-1507.0,-2059.93,-284.0,-1018.13,-52.6
2020-08-15 04:00:00+00:00,-0.62,-0.37,-0.71,16.32,0.43,1.82,0.03,0.64,2.47,0.82,4.01,90.0,-119.55,0.0,0.0,0.0,0.0,0.0,0.0,0.0,17.82,289.84,1.3,89.69,0.0,0.0,17.54,96.41,0.0,0.0,32330.6,72.0,12.0,3986.47,29592.47,397.6,0.0,3411.6,-1429.33,1095.3,-4806.5,47.0,-1507.0,-2001.0,-132.0,-1191.67,-362.67
2020-08-15 04:15:00+00:00,-0.13,-0.14,-0.19,16.92,0.43,1.77,0.03,0.62,2.45,0.85,4.49,90.0,-116.62,0.0,0.0,0.0,0.0,0.0,0.0,0.0,17.67,275.38,1.16,90.34,0.0,0.0,17.51,96.53,0.0,0.0,32447.6,72.0,12.0,4077.47,29698.47,424.6,0.0,3498.6,-1269.33,1093.8,-5159.0,47.0,-1507.0,-2001.0,-132.0,-1216.67,-387.67
2020-08-15 04:30:00+00:00,0.82,-0.02,0.8,17.12,0.43,1.83,0.45,0.59,2.42,0.9,4.47,90.0,-113.74,0.0,0.0,0.0,0.0,0.0,0.0,0.0,17.65,277.81,1.12,91.02,0.0,1.55,17.49,96.67,0.25,17.54,32420.87,72.0,12.0,4103.6,29711.13,448.1,3.03,3538.47,-1171.63,1091.6,-5386.43,46.77,-1507.0,-1829.97,-155.33,-1080.9,-471.23
2020-08-15 04:45:00+00:00,4.71,-0.0,4.68,17.47,0.43,1.85,0.03,0.59,3.42,0.81,4.35,89.5,-110.91,0.0,0.0,0.0,0.0,0.0,0.0,0.0,17.7,271.27,1.1,91.06,0.0,4.88,17.46,96.82,0.84,17.63,32229.87,72.0,12.0,4055.6,29617.13,467.6,9.53,3524.47,-1145.13,1088.6,-5470.93,46.27,-1507.0,-1463.47,-205.33,-761.4,-621.73
2020-08-15 05:00:00+00:00,15.16,0.27,15.1,17.7,0.43,1.76,0.03,0.59,3.75,0.8,4.38,87.3,-108.11,3.06,26.95,0.11,31.7,0.13,17.3,14.62,17.68,267.81,1.15,91.52,0.0,8.2,17.44,96.97,1.46,17.71,32284.1,71.77,12.0,3999.43,29554.17,480.8,46.13,3485.73,-1055.17,1087.7,-5397.7,45.77,-1507.0,-1268.0,-232.0,-591.0,-700.13
2020-08-15 05:15:00+00:00,25.08,0.3,25.05,18.24,0.43,2.41,0.03,0.6,3.48,0.91,4.41,84.93,-105.34,5.07,27.68,0.18,32.43,0.2,17.63,23.56,17.64,266.03,1.13,92.01,0.0,11.53,17.41,97.12,2.08,17.8,32618.6,71.27,12.0,3933.93,29526.67,486.8,117.13,3418.73,-892.67,1089.2,-5144.2,45.27,-1507.0,-1268.0,-232.0,-591.0,-696.13
2020-08-15 05:30:00+00:00,38.52,0.23,38.56,17.59,0.43,1.81,0.03,0.65,3.47,0.88,4.25,82.53,-102.58,7.81,28.13,0.28,33.04,0.3,17.98,35.43,17.6,253.9,0.92,92.45,0.0,21.32,17.42,97.17,4.01,18.13,33007.23,71.23,12.0,3895.27,29537.2,481.37,240.87,3418.23,-805.53,1087.9,-4931.3,44.77,-1576.07,-1222.5,-200.97,-625.53,-560.3
2020-08-15 05:45:00+00:00,53.77,0.28,53.89,17.56,0.43,1.79,0.03,0.64,3.46,0.82,4.24,80.11,-99.83,11.16,28.39,0.39,33.51,0.42,18.51,49.81,17.67,274.84,0.97,92.59,0.0,38.49,17.47,97.09,7.5,18.75,33457.73,71.73,12.0,3887.27,29591.2,462.87,424.87,3493.73,-804.53,1083.4,-4764.8,44.27,-1724.07,-1125.0,-134.47,-699.53,-273.8
2020-08-15 06:00:00+00:00,64.91,0.4,65.07,17.53,0.43,1.87,0.03,0.61,3.5,0.85,4.19,77.66,-97.08,13.71,28.82,0.48,33.75,0.51,18.92,61.01,18.03,285.95,1.22,91.83,0.0,55.66,17.52,97.02,11.08,19.38,34020.47,72.0,11.77,3867.83,29609.73,437.6,667.43,3552.43,-767.6,1081.47,-4511.97,43.77,-1803.0,-1073.0,-99.0,-739.0,-109.33
2020-08-15 06:15:00+00:00,74.08,0.4,74.23,17.21,0.43,1.84,0.03,0.59,3.09,0.87,4.47,75.2,-94.32,15.62,28.86,0.54,33.83,0.58,20.05,69.39,18.22,276.01,0.98,90.65,0.0,72.84,17.57,96.94,14.73,20.01,34711.47,72.0,11.27,3835.33,29587.73,404.6,976.93,3591.93,-689.6,1082.47,-4160.47,43.27,-1803.0,-1073.0,-99.0,-739.0,-84.33
2020-08-15 06:30:00+00:00,85.74,0.45,85.93,18.2,0.43,1.76,0.03,0.59,3.5,1.28,4.63,72.73,-91.54,18.27,28.94,0.63,33.94,0.68,21.27,80.99,18.32,300.65,1.36,90.34,0.0,92.01,17.66,96.68,18.84,20.74,35374.93,72.0,11.0,3813.1,29579.03,359.47,1329.6,3638.9,-567.73,1081.37,-3940.57,42.53,-1825.87,-987.83,99.57,-704.0,-373.63
2020-08-15 06:45:00+00:00,106.19,0.49,106.38,18.01,0.43,1.88,0.03,0.59,2.94,1.18,4.91,70.26,-88.72,22.82,29.15,0.78,34.16,0.84,22.09,100.81,18.57,309.39,1.03,89.34,0.0,113.46,17.78,96.2,23.5,21.6,36006.93,72.0,11.0,3802.6,29585.53,300.47,1731.6,3694.4,-395.73,1077.87,-3871.07,41.53,-1874.87,-805.33,525.07,-629.0,-1022.13
2020-08-15 07:00:00+00:00,145.46,0.75,145.64,16.58,0.43,1.84,0.03,0.6,2.0,1.04,4.44,67.79,-85.85,30.8,29.38,1.05,34.44,1.12,23.65,135.34,18.72,311.77,1.32,88.5,0.0,134.91,17.91,95.73,28.23,22.46,36680.93,71.77,11.47,3827.33,29614.2,254.53,2156.7,3775.8,-284.17,1075.77,-3820.93,41.0,-1901.0,-708.0,752.0,-589.0,-1266.27
2020-08-15 07:15:00+00:00,157.54,0.87,157.76,16.74,0.43,1.78,0.03,0.65,2.4,1.0,4.24,65.33,-82.93,33.26,29.37,1.13,34.43,1.22,24.8,146.16,18.8,293.26,1.83,88.17,0.0,156.36,18.03,95.25,33.02,23.34,37402.93,71.27,12.47,3892.33,29668.2,223.53,2608.2,3886.8,-241.67,1075.27,-3792.93,41.0,-1901.0,-708.0,752.0,-589.0,-1048.27
2020-08-15 07:30:00+00:00,159.87,0.79,159.97,16.51,0.43,1.81,0.03,0.64,2.0,0.84,4.58,62.89,-79.92,35.52,29.46,1.21,34.52,1.3,24.86,155.79,18.95,275.11,1.55,87.94,0.0,178.88,18.19,94.56,38.14,24.3,38051.9,71.0,12.77,3912.77,29686.27,199.3,3029.37,3942.73,-219.0,1075.47,-3659.23,40.77,-1901.0,-597.87,720.73,-608.6,-997.1
2020-08-15 07:45:00+00:00,186.19,0.94,186.15,15.57,0.43,1.82,0.03,0.62,1.53,0.79,4.31,60.47,-76.83,41.49,29.58,1.4,34.69,1.51,25.38,179.86,19.08,290.13,1.77,87.15,0.0,202.63,18.39,93.61,43.64,25.37,38617.4,71.0,12.27,3882.27,29663.27,182.8,3415.87,3935.73,-219.0,1076.47,-3404.73,40.27,-1901.0,-361.87,653.73,-650.6,-1136.6
2020-08-15 08:00:00+00:00,139.62,0.64,139.49,16.42,0.43,1.81,0.03,0.59,1.98,0.89,4.52,58.08,-73.64,36.2,29.39,1.23,34.46,1.32,24.99,157.46,19.17,315.76,1.92,86.33,0.0,226.38,18.59,92.66,49.23,26.45,39113.13,71.23,12.0,3872.53,29642.83,172.6,3775.3,3974.23,-219.0,1076.77,-3267.13,39.77,-1901.0,-236.0,618.0,-568.0,-1187.67
2020-08-15 08:15:00+00:00,268.82,15.61,259.88,15.95,0.43,1.81,0.03,0.59,1.99,0.89,4.05,55.73,-70.32,85.54,29.37,2.92,35.24,3.14,29.53,373.96,19.26,313.27,1.9,85.68,0.0,250.13,18.79,91.71,54.91,27.56,39529.13,71.73,12.0,3886.53,29625.33,169.6,4103.8,4064.73,-219.0,1076.27,-3263.13,39.27,-1901.0,-236.0,618.0,-343.0,-1137.67
2020-08-15 08:30:00+00:00,334.73,76.24,286.32,16.31,0.43,1.81,0.03,0.59,1.52,0.8,4.59,53.43,-66.85,57.62,28.94,1.99,34.43,2.13,31.73,257.14,19.92,305.23,1.33,82.0,0.0,280.77,19.02,90.65,62.51,29.0,39918.77,71.77,12.0,3879.77,29623.47,166.13,4408.5,4096.2,-218.77,1075.07,-3196.37,38.77,-1901.0,-178.37,609.83,-229.77,-956.3
2020-08-15 08:45:00+00:00,352.05,5.32,347.63,16.07,0.43,1.82,0.03,0.59,1.52,0.83,4.62,51.19,-63.22,84.95,29.02,2.93,34.88,3.14,33.31,374.82,20.15,297.44,1.79,79.26,0.0,319.27,19.27,89.48,72.47,30.85,40278.27,71.27,12.0,3849.27,29639.47,162.13,4686.0,4060.2,-218.27,1073.07,-3057.87,38.27,-1901.0,-54.87,592.33,-244.27,-624.8
2020-08-15 09:00:00+00:00,449.77,15.95,436.46,16.27,0.43,2.11,0.03,0.63,1.52,0.86,4.28,49.02,-59.41,91.58,28.59,3.2,34.63,3.44,36.79,410.09,20.46,230.27,1.57,77.6,0.0,357.77,19.52,88.3,82.71,32.77,40639.4,71.0,12.23,3827.87,29640.77,162.57,4948.8,3936.47,-218.0,1073.17,-2816.23,38.0,-1901.0,11.0,583.0,-135.33,-448.0
2020-08-15 09:15:00+00:00,450.96,9.57,441.19,16.27,0.43,2.04,0.03,0.65,1.52,0.88,4.38,46.94,-55.38,94.79,28.44,3.33,34.54,3.58,38.25,426.75,20.98,234.62,1.78,75.17,0.0,396.27,19.77,87.13,93.12,34.74,41002.4,71.0,12.73,3816.87,29625.27,168.07,5194.8,3712.47,-218.0,1075.67,-2456.73,38.0,-1901.0,11.0,583.0,114.67,-448.0
2020-08-15 09:30:00+00:00,441.59,5.64,435.03,16.17,0.43,1.83,0.03,0.64,1.52,0.83,4.41,44.96,-51.13,93.0,28.46,3.27,34.5,3.51,38.14,419.35,21.16,277.07,2.21,72.4,0.0,432.94,20.02,85.97,103.04,36.66,41434.7,71.0,12.77,3807.03,29596.47,179.63,5411.4,3557.07,-218.23,1076.53,-2059.2,38.0,-1901.0,-41.27,535.4,358.13,-156.33
2020-08-15 09:45:00+00:00,530.13,51.43,485.79,16.02,0.43,1.86,0.03,0.59,1.52,0.8,4.32,43.1,-46.62,126.17,28.13,4.49,34.81,4.82,39.39,570.5,21.63,305.09,1.85,69.77,0.0,467.51,20.27,84.85,112.29,38.48,41946.2,71.0,12.27,3798.53,29552.47,198.13,5594.4,3480.07,-218.73,1075.53,-1618.2,38.0,-1901.0,-153.27,433.4,594.13,468.67
2020-08-15 10:00:00+00:00,669.5,254.33,465.14,17.2,0.43,1.88,0.45,0.98,1.62,0.9,4.53,41.37,-41.85,168.37,26.71,6.3,34.35,6.76,47.8,789.29,21.86,296.86,2.23,67.07,0.0,502.09,20.52,83.72,121.46,40.32,42520.93,71.0,12.0,3810.1,29553.27,215.7,5741.93,3432.23,-294.6,1071.97,-1093.43,38.0,-1901.0,-213.0,379.0,813.33,882.5
2020-08-15 10:15:00+00:00,795.81,560.91,352.08,16.16,0.43,1.82,0.03,0.69,1.61,0.87,4.4,39.81,-36.79,174.04,26.64,6.54,34.32,7.02,48.47,818.2,22.55,292.53,2.18,63.37,0.0,536.66,20.77,82.6,130.53,42.17,43167.93,71.0,12.0,3844.6,29605.27,232.2,5848.93,3417.73,-456.6,1065.47,-472.93,38.0,-1901.0,-213.0,379.0,1013.33,1055.0
2020-08-15 10:30:00+00:00,771.12,787.56,149.17,16.12,0.43,1.89,0.03,0.59,1.56,0.8,4.44,38.42,-31.45,194.69,26.05,7.48,34.19,8.09,51.49,943.46,23.0,303.02,2.12,60.46,0.0,555.43,20.99,81.58,134.96,43.2,43669.8,71.0,12.0,3840.13,29640.7,243.1,6001.2,3463.67,-587.1,1062.47,-76.9,37.77,-1901.0,-625.07,410.5,1120.0,1061.37
2020-08-15 10:45:00+00:00,752.31,747.89,151.18,16.52,0.43,1.89,0.03,0.61,1.55,0.85,4.7,37.24,-25.84,198.55,25.87,7.68,34.05,8.27,52.93,963.59,22.91,282.58,2.26,61.3,0.0,556.13,21.19,80.68,134.26,43.3,44005.8,71.0,12.0,3791.13,29657.2,247.6,6205.2,3578.67,-681.6,1063.47,62.6,37.27,-1901.0,-1508.07,478.0,1120.0,877.87
2020-08-15 11:00:00+00:00,895.22,891.29,168.45,16.03,0.43,1.9,0.03,0.65,1.55,0.9,4.28,36.28,-19.96,206.31,25.18,8.2,33.66,8.84,57.62,1037.1,23.49,300.4,2.13,57.83,0.0,556.83,21.39,79.78,133.68,43.42,43904.77,71.23,12.23,3780.17,29772.17,250.47,6332.43,3723.53,-737.83,1060.27,-358.13,37.0,-1901.0,-1979.0,514.0,1120.0,780.0
2020-08-15 11:15:00+00:00,628.9,527.03,191.02,16.23,0.43,1.9,0.03,0.64,1.55,0.82,4.55,35.56,-13.88,208.64,25.24,8.27,33.85,8.89,55.41,1045.8,23.27,312.52,2.36,55.32,0.0,557.53,21.59,78.88,133.25,43.57,43304.27,71.73,12.73,3812.67,29999.67,251.47,6371.93,3902.53,-750.33,1052.27,-1419.13,37.0,-1901.0,-1979.0,514.0,1120.0,780.0
2020-08-15 11:30:00+00:00,686.14,523.11,250.44,16.18,0.43,1.91,0.03,0.62,1.56,0.83,4.38,35.1,-7.63,177.61,25.48,7.0,33.24,7.72,58.09,918.98,23.79,222.43,2.3,53.1,0.0,558.75,21.79,78.11,133.14,43.78,42794.3,71.77,12.77,3819.5,30114.93,257.83,6418.67,3944.8,-832.13,1047.77,-2061.07,37.0,-1901.0,-1885.43,462.9,1042.3,777.43
2020-08-15 11:45:00+00:00,674.07,511.92,246.21,16.24,0.43,1.86,0.03,0.59,1.55,0.86,4.56,34.92,-1.29,155.72,26.33,5.95,33.81,6.36,50.05,745.84,23.81,215.92,1.85,54.17,0.0,560.58,21.99,77.48,133.39,44.05,42387.8,71.27,12.27,3797.0,30101.93,270.33,6473.67,3830.8,-993.13,1047.27,-2224.07,37.0,-1901.0,-1684.93,353.4,875.8,771.93
2020-08-15 12:00:00+00:00,910.86,874.33,186.85,15.96,0.43,1.9,0.03,0.59,1.55,0.89,4.31,35.0,5.07,204.67,25.01,8.19,33.55,8.91,58.46,1051.86,24.96,233.84,1.45,50.04,0.0,562.4,22.19,76.86,133.83,44.36,42048.27,71.47,12.0,3784.53,30096.87,285.63,6501.37,3732.43,-1128.47,1046.3,-2354.87,37.0,-1901.0,-1578.0,295.0,763.67,769.0
2020-08-15 12:15:00+00:00,782.18,714.53,192.3,15.83,0.43,1.94,0.03,0.59,1.55,0.81,4.24,35.36,11.36,184.19,25.62,7.22,33.28,7.95,59.22,932.04,24.79,219.15,1.37,49.71,0.0,564.23,22.39,76.23,134.45,44.69,41785.27,72.47,12.0,3783.53,30100.87,304.13,6497.87,3651.93,-1234.47,1044.8,-2448.87,37.0,-1901.0,-1578.0,295.0,713.67,769.0
2020-08-15 12:30:00+00:00,549.88,446.64,183.36,16.49,0.43,1.88,0.03,0.59,1.55,0.8,4.86,35.98,17.51,170.31,25.38,6.7,32.84,7.49,60.74,877.15,24.79,202.4,1.72,49.99,0.0,555.62,22.56,75.74,132.28,44.49,41501.03,72.77,12.0,3782.77,30087.83,321.23,6488.07,3512.17,-1291.0,1043.53,-2528.87,37.23,-1901.0,-1272.33,219.4,510.6,632.73
2020-08-15 12:45:00+00:00,400.64,242.46,201.23,16.59,0.43,2.04,0.03,0.64,1.55,1.35,4.45,36.85,23.47,38.67,26.89,1.43,32.38,1.54,45.34,181.75,24.39,111.03,1.68,50.86,0.0,535.1,22.68,75.39,126.84,43.68,41192.53,72.27,12.0,3782.27,30055.33,336.73,6471.07,3304.67,-1291.0,1042.53,-2592.87,37.73,-1901.0,-617.33,57.4,132.6,340.73
2020-08-15 13:00:00+00:00,555.21,429.67,212.19,16.79,0.43,2.26,0.03,0.64,1.55,0.87,4.72,37.95,29.19,131.87,26.87,4.97,33.94,5.34,43.83,627.91,24.76,169.51,1.16,50.7,0.0,514.57,22.81,75.04,121.51,42.89,40923.7,71.77,12.0,3778.5,30030.77,354.8,6426.77,3174.87,-1291.0,1040.83,-2674.83,38.0,-1901.0,-268.0,-29.0,-185.67,184.3
2020-08-15 13:15:00+00:00,268.22,84.57,200.49,16.85,0.43,1.91,0.03,0.64,1.55,0.82,5.13,39.26,34.64,43.3,27.36,1.58,32.92,1.71,41.74,206.18,24.77,280.45,0.94,50.6,0.0,494.05,22.93,74.69,116.25,42.11,40700.2,71.27,12.0,3771.0,30015.27,375.8,6351.27,3133.87,-1291.0,1038.33,-2777.33,38.0,-1901.0,-268.0,-29.0,-435.67,182.8
2020-08-15 13:30:00+00:00,580.37,447.77,236.0,16.02,0.43,1.86,0.03,0.6,1.55,0.88,4.42,40.76,39.81,57.16,27.99,2.04,33.7,2.16,37.42,252.46,25.42,178.09,0.72,48.97,0.0,477.54,23.02,74.34,112.26,41.52,40439.6,71.0,12.0,3771.67,29979.7,395.63,6228.17,3108.5,-1294.73,1037.7,-2870.27,38.0,-1901.0,215.23,-38.1,-702.23,-262.03
2020-08-15 13:45:00+00:00,374.96,216.47,212.05,15.66,0.43,1.86,0.03,0.59,1.12,0.87,4.54,42.43,44.69,49.86,27.79,1.8,33.45,1.92,37.54,227.68,25.51,62.98,1.56,49.1,0.0,465.61,23.07,73.99,109.67,41.13,40136.6,71.0,12.0,3781.67,29921.2,414.13,6050.67,3101.0,-1302.73,1039.2,-2952.27,38.0,-1901.0,1250.73,-57.6,-987.73,-1213.53
2020-08-15 14:00:00+00:00,300.38,153.51,186.35,15.73,0.43,1.94,0.03,0.59,1.02,0.85,4.55,44.24,49.29,114.18,27.62,4.19,34.21,4.57,39.72,542.3,25.24,29.4,1.1,50.01,0.0,453.69,23.12,73.64,107.1,40.75,39887.5,71.23,12.23,3792.37,29864.8,436.13,5838.4,3134.8,-1257.77,1038.83,-3044.3,38.23,-1901.0,1803.0,-68.0,-1210.0,-1726.13
2020-08-15 14:15:00+00:00,565.32,580.5,159.04,15.46,0.43,1.84,0.03,0.59,0.98,0.85,4.58,46.18,53.64,163.37,26.15,6.25,33.41,6.96,56.59,816.88,25.5,134.83,0.83,48.82,0.0,441.76,23.17,73.29,104.52,40.36,39700.0,71.73,12.73,3803.87,29810.8,462.13,5586.4,3215.8,-1152.27,1036.33,-3147.8,38.73,-1901.0,1803.0,-68.0,-1360.0,-1737.13
2020-08-15 14:30:00+00:00,709.29,860.52,129.86,15.41,0.43,1.89,0.03,0.6,0.94,0.87,4.44,48.22,57.75,162.11,25.76,6.29,32.99,7.02,61.31,820.42,26.29,182.22,1.12,46.37,0.0,440.82,23.25,72.76,105.09,40.54,39567.1,72.0,12.77,3862.73,29634.3,479.97,5307.1,3317.57,-898.6,1034.77,-3255.73,39.23,-1924.1,2051.27,-55.17,-1398.23,-2077.37
2020-08-15 14:45:00+00:00,683.93,816.79,156.75,15.45,0.43,1.9,0.03,0.65,0.93,0.92,4.4,50.36,61.64,158.42,26.36,6.01,33.48,6.68,55.37,786.24,26.93,273.53,1.56,43.31,0.0,452.45,23.35,72.04,109.05,41.33,39496.6,72.0,12.27,3975.73,29317.8,488.47,4996.6,3443.07,-475.6,1034.27,-3368.73,39.73,-1973.6,2583.27,-27.67,-1308.73,-2793.87
2020-08-15 15:00:00+00:00,447.8,432.78,178.18,15.68,0.43,1.9,0.03,0.64,0.93,0.82,4.7,52.58,65.34,101.83,26.42,3.85,32.98,4.27,52.08,508.95,26.28,298.08,1.19,43.05,0.0,464.07,23.45,71.31,112.38,42.01,39494.93,71.77,12.23,3980.7,29162.3,494.87,4685.87,3687.8,-245.1,1034.47,-3390.97,39.53,-2000.0,2867.0,-13.0,-1261.0,-3339.33
2020-08-15 15:15:00+00:00,162.24,1.32,159.98,15.44,0.43,1.89,0.03,0.63,0.94,0.8,4.6,54.86,68.86,35.61,27.21,1.31,32.85,1.4,39.49,167.98,26.09,179.64,1.13,44.5,0.0,475.7,23.55,70.59,114.76,42.54,39571.93,71.27,12.73,3862.2,29190.8,498.87,4374.87,4068.8,-234.6,1035.47,-3309.47,38.53,-2000.0,2867.0,-13.0,-1261.0,-3689.33
2020-08-15 15:30:00+00:00,310.21,254.77,172.74,16.11,0.43,1.89,0.03,0.59,0.93,0.91,4.87,57.19,72.23,58.02,27.98,2.06,33.81,2.21,35.22,266.72,25.75,82.58,1.52,47.61,0.0,461.63,23.6,69.85,110.19,41.81,39692.57,71.23,13.0,3790.83,29230.5,502.87,4058.27,4604.5,-200.3,1035.53,-3414.63,37.77,-2000.0,2867.0,154.53,-1114.7,-3487.03
2020-08-15 15:45:00+00:00,269.67,184.56,174.9,15.87,0.43,1.89,0.45,0.59,0.93,0.87,4.51,59.57,75.47,55.93,27.44,2.03,33.25,2.2,39.9,267.06,25.97,51.95,1.33,46.61,0.0,418.21,23.6,69.1,98.41,39.79,39863.07,71.73,13.0,3773.33,29283.0,506.87,3735.27,5317.0,-138.8,1034.53,-3733.13,37.27,-2000.0,2867.0,513.53,-801.2,-2653.53
2020-08-15 16:00:00+00:00,421.69,565.92,156.14,15.94,0.43,1.89,0.03,0.59,0.93,0.8,4.66,61.99,78.6,44.65,27.65,1.6,33.32,1.74,36.67,212.46,26.19,69.59,1.38,46.17,0.0,374.79,23.6,68.35,86.55,37.8,40028.67,71.77,13.0,3690.73,29308.2,517.87,3365.37,5509.63,-98.77,1032.83,-3381.97,36.77,-2000.0,2867.0,705.0,-634.0,-2314.0
2020-08-15 16:15:00+00:00,293.42,415.62,113.01,15.35,0.43,1.9,0.03,0.59,0.93,0.88,4.36,64.43,81.63,26.49,27.73,0.95,33.08,1.03,32.2,126.07,26.22,66.03,1.78,45.68,0.0,331.36,23.6,67.6,74.74,35.84,40188.67,71.27,13.0,3533.73,29302.2,536.87,2941.87,5108.13,-83.27,1030.33,-2265.47,36.27,-2000.0,2867.0,705.0,-634.0,-2539.0
2020-08-15 16:30:00+00:00,90.78,3.54,88.9,15.73,0.43,1.95,0.03,0.65,0.93,0.92,4.77,66.89,84.58,16.37,27.34,0.6,32.74,0.64,29.2,77.55,25.85,84.79,1.41,46.31,0.0,290.69,23.55,67.14,63.76,33.99,40376.67,71.0,12.77,3547.77,29313.23,555.4,2522.57,5066.2,-74.77,1031.1,-1668.83,36.7,-2000.0,2808.67,593.93,-560.97,-2252.53
2020-08-15 16:45:00+00:00,60.56,-0.24,60.35,16.52,0.43,2.33,0.03,1.14,0.91,0.84,4.6,69.36,87.47,11.28,27.71,0.41,32.48,0.45,26.74,53.81,25.55,61.1,1.3,47.36,0.0,253.16,23.45,67.02,53.8,32.26,40596.67,71.0,12.27,3757.27,29343.73,573.4,2108.07,5435.2,-74.27,1035.6,-1666.33,38.2,-2000.0,2683.67,355.93,-404.47,-1381.53
2020-08-15 17:00:00+00:00,94.9,85.46,68.75,15.87,0.43,1.89,0.03,0.63,0.91,0.83,4.56,71.83,90.3,18.42,28.45,0.64,33.23,0.71,25.87,93.83,25.56,34.88,1.13,46.98,0.0,215.64,23.35,66.89,44.22,30.61,40732.9,71.23,12.23,3842.87,29353.0,589.53,1700.57,5565.5,-63.97,1039.17,-1377.77,39.23,-2000.0,2617.0,229.0,-321.0,-998.67
2020-08-15 17:15:00+00:00,206.84,450.49,86.2,15.84,0.43,1.89,0.03,0.59,0.91,0.87,4.62,74.31,93.1,35.18,29.16,1.21,33.99,1.36,28.92,202.03,25.86,29.2,1.17,46.93,0.0,178.11,23.25,66.77,35.14,29.05,40773.4,71.73,12.73,3786.87,29338.0,603.53,1301.07,5423.0,-42.47,1041.67,-762.27,39.73,-2000.0,2617.0,229.0,-321.0,-1173.67
2020-08-15 17:30:00+00:00,176.41,440.69,74.34,15.71,0.43,1.89,0.03,0.59,0.91,0.87,4.51,76.78,95.86,28.48,29.08,0.98,33.42,1.13,31.13,187.75,26.08,27.17,1.3,46.9,0.0,142.94,23.08,67.09,27.06,27.58,40701.67,71.77,12.77,3782.43,29323.23,618.0,953.13,5540.67,-28.43,1043.47,-614.37,40.0,-2000.0,2496.37,46.77,-226.03,-1225.47
2020-08-15 17:45:00+00:00,156.98,453.09,72.34,16.15,0.43,1.85,0.03,0.59,0.97,0.84,4.94,79.23,98.61,21.62,29.07,0.74,33.11,0.88,30.25,159.59,26.23,39.66,1.21,45.62,0.0,110.47,22.83,67.91,20.01,26.19,40501.67,71.27,12.27,3836.93,29308.73,633.0,664.13,5955.67,-22.93,1044.47,-1000.87,40.0,-2000.0,2237.87,-343.73,-22.53,-1136.47
2020-08-15 18:00:00+00:00,66.92,62.73,56.51,15.61,0.43,1.89,0.03,0.59,0.98,0.84,4.47,81.67,101.36,10.64,27.28,0.39,32.28,0.43,27.57,51.53,25.96,33.29,1.47,46.18,0.0,77.99,22.58,68.74,13.63,24.9,40196.67,71.23,12.23,3879.77,29300.77,648.47,428.33,6166.5,-20.0,1045.93,-1335.57,40.23,-2000.0,2100.0,-552.0,86.0,-1019.0
2020-08-15 18:15:00+00:00,34.16,0.07,33.98,15.48,0.43,1.91,0.03,0.64,0.93,0.87,4.85,84.09,104.11,6.03,26.96,0.22,31.75,0.25,24.5,30.15,25.34,33.06,1.45,49.12,0.0,45.52,22.33,69.56,8.03,23.74,39771.67,71.73,12.73,3909.27,29300.27,664.47,253.33,6144.0,-20.0,1047.93,-1611.07,40.73,-2000.0,2100.0,-552.0,86.0,-869.0
2020-08-15 18:30:00+00:00,18.05,30.74,15.92,15.82,0.43,1.83,0.03,0.64,0.91,0.88,4.87,86.48,106.87,3.01,26.22,0.11,30.95,0.13,22.22,15.67,24.9,26.02,2.02,51.37,0.0,24.91,22.04,70.79,4.51,22.85,39515.6,71.77,13.0,3913.1,29319.37,694.23,126.17,6083.93,-20.0,1051.33,-1736.77,41.0,-2000.0,1741.83,-446.3,321.43,-648.77
2020-08-15 18:45:00+00:00,8.92,26.05,8.24,15.5,0.43,1.85,0.03,0.64,0.91,0.84,4.55,88.83,109.66,1.66,25.32,0.07,30.19,0.08,20.5,9.2,24.31,12.07,2.29,55.4,0.0,17.86,21.69,72.49,3.27,22.28,39452.6,71.27,13.0,3887.6,29360.87,739.73,53.67,5980.93,-20.0,1056.33,-1691.27,41.0,-2000.0,974.33,-219.8,825.93,-348.27
2020-08-15 19:00:00+00:00,2.23,-0.24,2.04,15.58,0.43,1.88,0.06,0.59,0.91,0.82,4.46,90.0,112.47,0.0,0.0,0.0,0.0,0.0,0.0,0.0,23.85,25.21,2.61,58.26,0.0,10.81,21.34,74.19,1.92,21.7,39623.4,71.23,12.77,3897.8,29386.97,792.93,11.97,5870.23,-20.0,1059.23,-1460.5,41.23,-2000.0,565.0,-99.0,1095.0,-182.17
2020-08-15 19:15:00+00:00,-0.59,-0.42,-0.81,15.29,0.43,1.87,0.03,0.59,0.91,0.88,4.41,90.0,115.33,0.0,0.0,0.0,0.0,0.0,0.0,0.0,23.65,30.28,2.46,59.7,0.0,3.76,20.99,75.89,0.63,21.11,40061.4,71.73,12.27,3948.8,29395.47,854.93,5.47,5750.73,-20.0,1059.73,-1018.0,41.73,-2000.0,565.0,-99.0,1095.0,-169.67
2020-08-15 19:30:00+00:00,-1.06,-0.42,-1.29,15.45,0.43,1.87,0.05,0.59,0.91,0.88,4.63,90.0,118.23,0.0,0.0,0.0,0.0,0.0,0.0,0.0,23.27,37.07,2.22,61.97,0.0,0.0,20.68,77.43,0.0,0.0,40252.77,71.77,12.0,3938.43,29393.0,955.67,1.77,5632.63,-20.0,1058.6,-790.87,41.77,-2000.0,498.73,27.7,1028.5,111.17
2020-08-15 19:45:00+00:00,-0.96,-0.34,-1.17,16.15,0.43,1.86,0.04,0.59,0.91,1.26,4.5,90.0,121.19,0.0,0.0,0.0,0.0,0.0,0.0,0.0,23.01,37.44,2.07,63.22,0.0,0.0,20.43,78.78,0.0,0.0,40162.27,71.27,12.0,3857.93,29378.0,1100.67,1.27,5516.13,-20.0,1055.6,-809.87,41.27,-2000.0,356.73,299.2,886.0,698.67
2020-08-15 20:00:00+00:00,-0.92,-0.32,-1.07,15.87,0.43,1.79,0.03,0.66,0.91,0.84,4.76,90.0,124.22,0.0,0.0,0.0,0.0,0.0,0.0,0.0,22.84,39.3,2.14,64.15,0.0,0.0,20.18,80.13,0.0,0.0,40235.57,71.0,11.77,3796.8,29371.4,1213.23,1.0,5335.23,-20.0,1054.7,-598.8,40.77,-2000.0,281.0,444.0,880.0,1014.1
2020-08-15 20:15:00+00:00,-1.0,-0.31,-1.16,15.26,0.43,1.95,0.03,0.65,0.91,0.91,4.05,90.0,127.31,0.0,0.0,0.0,0.0,0.0,0.0,0.0,22.81,43.45,2.32,64.87,0.0,0.0,19.93,81.48,0.0,0.0,40496.07,71.0,11.27,3757.8,29374.4,1288.73,1.0,5080.73,-20.0,1056.2,-124.8,40.27,-2000.0,281.0,444.0,1030.0,1018.6
2020-08-15 20:30:00+00:00,-1.14,-0.42,-1.34,16.15,0.43,2.28,0.06,0.64,0.91,0.85,4.61,90.0,130.48,0.0,0.0,0.0,0.0,0.0,0.0,0.0,22.62,43.83,2.22,65.83,0.0,0.0,19.77,82.27,0.0,0.0,41081.37,71.0,11.0,3797.2,29374.83,1358.63,1.0,5209.83,-20.0,1058.63,219.7,40.23,-2000.0,411.2,367.7,1063.33,1022.87
2020-08-15 20:45:00+00:00,-1.19,-0.43,-1.37,15.87,0.44,1.86,0.03,0.62,0.94,0.81,4.59,90.0,133.74,0.0,0.0,0.0,0.0,0.0,0.0,0.0,22.52,45.15,2.39,66.42,0.0,0.0,19.69,82.42,0.0,0.0,42037.87,71.0,11.0,3926.2,29372.33,1422.13,1.0,5777.33,-20.0,1062.13,416.2,40.73,-2000.0,690.2,204.2,963.33,1026.87
2020-08-15 21:00:00+00:00,-1.19,-0.43,-1.37,15.85,0.43,1.83,0.03,0.59,1.13,0.88,4.58,90.0,137.08,0.0,0.0,0.0,0.0,0.0,0.0,0.0,22.45,47.59,2.54,66.8,0.0,0.0,19.61,82.57,0.0,0.0,42295.53,71.0,11.23,3973.77,29435.63,1491.23,0.77,5796.73,-20.0,1065.17,471.53,41.0,-2000.0,839.0,117.0,956.67,1051.4
2020-08-15 21:15:00+00:00,-1.19,-0.42,-1.37,15.76,0.43,1.81,0.45,0.59,0.93,0.89,4.45,90.0,140.51,0.0,0.0,0.0,0.0,0.0,0.0,0.0,22.29,49.03,2.56,67.26,0.0,0.0,19.54,82.72,0.0,0.0,41754.53,71.0,11.73,3928.27,29574.13,1566.73,0.27,5189.73,-20.0,1067.67,365.53,41.0,-2000.0,839.0,117.0,1056.67,1099.4
2020-08-15 21:30:00+00:00,-1.18,-0.44,-1.36,15.68,0.43,1.86,0.03,0.59,1.38,0.82,4.5,90.0,144.03,0.0,0.0,0.0,0.0,0.0,0.0,0.0,22.15,53.93,2.43,67.55,0.0,0.0,19.48,83.42,0.0,0.0,41294.5,71.0,12.0,3864.57,29769.33,1622.87,-0.23,4774.3,-20.0,1068.53,132.13,40.77,-1919.27,825.47,-267.3,817.4,1089.3
2020-08-15 21:45:00+00:00,-1.19,-0.43,-1.36,15.6,0.43,1.84,0.03,0.6,1.0,0.83,4.45,90.0,147.64,0.0,0.0,0.0,0.0,0.0,0.0,0.0,22.04,52.6,2.6,68.24,0.0,0.0,19.43,84.74,0.0,0.0,40927.0,71.0,12.0,3780.07,30029.33,1656.87,-0.73,4577.8,-20.0,1067.53,-246.87,40.27,-1746.27,796.47,-1090.8,190.4,1012.8
2020-08-15 22:00:00+00:00,-1.19,-0.42,-1.37,15.18,0.43,1.78,0.06,0.65,0.98,0.87,4.37,90.0,151.34,0.0,0.0,0.0,0.0,0.0,0.0,0.0,21.91,49.78,2.8,69.45,0.0,0.0,19.38,86.07,0.0,0.0,40232.6,71.0,11.77,3706.53,30096.6,1702.77,-1.0,4460.63,-26.3,1065.83,-855.7,39.77,-1654.0,781.0,-1530.0,-144.0,918.33
2020-08-15 22:15:00+00:00,-1.18,-0.43,-1.35,16.12,0.43,1.85,0.03,0.64,1.37,0.87,4.79,90.0,155.13,0.0,0.0,0.0,0.0,0.0,0.0,0.0,21.71,48.48,2.54,70.86,0.0,0.0,19.33,87.39,0.0,0.0,39164.6,71.0,11.27,3645.53,29943.6,1762.27,-1.0,4434.13,-39.8,1063.33,-1727.2,39.27,-1654.0,781.0,-1530.0,-144.0,803.33
2020-08-15 22:30:00+00:00,-1.16,-0.43,-1.33,16.13,0.43,1.86,0.03,0.64,1.37,0.85,4.52,90.0,159.0,0.0,0.0,0.0,0.0,0.0,0.0,0.0,21.52,49.28,2.34,72.01,0.0,0.0,19.24,88.87,0.0,0.0,38065.57,71.23,11.0,3525.73,29809.27,1863.53,-1.0,4209.07,-227.83,1064.33,-2261.3,38.77,-1619.23,687.43,-1647.83,-223.33,680.17
2020-08-15 22:45:00+00:00,-1.1,-0.44,-1.28,15.68,0.43,1.83,0.03,0.59,1.37,0.85,4.36,90.0,162.94,0.0,0.0,0.0,0.0,0.0,0.0,0.0,21.38,51.13,2.28,72.92,0.0,0.0,19.12,90.52,0.0,0.0,36931.07,71.73,11.0,3338.73,29696.27,2012.53,-1.0,3757.07,-615.33,1069.33,-2409.8,38.27,-1544.73,486.93,-1900.33,-393.33,547.67
2020-08-15 23:00:00+00:00,-1.13,-0.43,-1.28,15.46,0.43,1.77,0.03,0.59,1.37,0.87,4.27,90.0,166.95,0.0,0.0,0.0,0.0,0.0,0.0,0.0,21.21,50.64,2.51,73.77,0.0,0.0,18.99,92.17,0.0,0.0,36172.23,71.77,11.23,3304.33,29662.83,2116.5,-0.77,3484.03,-821.53,1073.4,-2729.8,38.47,-1505.0,380.0,-2035.0,-484.0,485.63
2020-08-15 23:15:00+00:00,-1.04,-0.44,-1.22,16.07,0.43,1.81,0.03,0.8,1.37,0.86,4.37,90.0,171.0,0.0,0.0,0.0,0.0,0.0,0.0,0.0,21.08,55.65,1.55,74.41,0.0,0.0,18.87,93.82,0.0,0.0,35842.73,71.27,11.73,3444.33,29720.33,2169.0,-0.27,3415.53,-820.53,1076.4,-3245.8,39.47,-1505.0,380.0,-2035.0,-484.0,504.13
2020-08-15 23:30:00+00:00,-0.99,-0.44,-1.15,16.2,0.43,1.84,0.03,0.82,1.37,0.84,4.61,90.0,175.09,0.0,0.0,0.0,0.0,0.0,0.0,0.0,20.93,59.03,0.92,75.07,0.0,0.0,18.91,93.08,0.0,0.0,35473.8,71.0,11.77,3554.23,29677.03,2164.1,0.0,3322.53,-828.4,1076.6,-3575.83,40.47,-1481.9,-5.93,-2005.83,-442.7,378.67
2020-08-15 23:45:00+00:00,-0.89,-0.43,-1.11,16.01,0.43,1.81,0.06,0.64,1.37,0.86,4.84,90.0,59.2,0.0,0.0,0.0,0.0,0.0,0.0,0.0,20.87,51.48,1.89,75.85,0.0,0.0,19.13,89.6,0.0,0.0,35059.8,71.0,11.27,3629.73,29518.53,2093.6,0.0,3201.53,-846.4,1073.6,-3693.33,41.47,-1432.4,-832.93,-1943.33,-354.2,88.67
