ExperimentID,FormulationID,FormulationVariant,StructuralInstanceID,PairedBaseID,DeterministicDataID,DemandAssignmentID,ShareTableID,RepositoryInstanceID,ParallelTaskID,ShardID,Replication,Controller,Fairness,Resource,FairnessFamily,ApplicableDiagnostic,ObjectiveCriterion,RepositoryHorizon,BaseProfileLength,EvaluationHorizon,LookaheadHorizon,ImplementationStep,RequiredPeriodSupportEnd,RealizedPeriodEnd,RollingSolveCount,ConditionalSupportStream,ConditionalSupportSeedKeys,ConditionalSupportSeedExclusions,GridDirectionExclusivity,BatteryDirectionExclusivity
oos_experiment,shared_battery_mode_node_level_v1,aggregate_only,SI-Drahi_16-d2-HET-UHI-BHI-b5ad1d7920,PB-Drahi_16-d2-HET-UHI-73ba6c8406,DD-Drahi_16-d2-2227bce057,DA-Drahi_16-HET-d2-80dfd3a0a3,ST-1cd9cd674168,5_56,TK-PB-Drahi_16-d2-HET-UHI-73ba6c8406-r5,TK-PB-Drahi_16-d2-HET-UHI-73ba6c8406-r5,5,DETERMINISTIC_RH,LEXMMFPEA,pv,pv,lexicographic_pv,risk_neutral_expectation,24,24,24,24,4,44,24,6,lookahead_support,experiment_seed|oos_replication|rolling_start,controller|fairness_policy|solver_phase|worker|retry|execution_order,false,false
oos_experiment,shared_battery_mode_node_level_v1,aggregate_only,SI-Drahi_16-d2-HET-UHI-BHI-b5ad1d7920,PB-Drahi_16-d2-HET-UHI-73ba6c8406,DD-Drahi_16-d2-2227bce057,DA-Drahi_16-HET-d2-80dfd3a0a3,ST-1cd9cd674168,5_56,TK-PB-Drahi_16-d2-HET-UHI-73ba6c8406-r5,TK-PB-Drahi_16-d2-HET-UHI-73ba6c8406-r5,5,DETERMINISTIC_RH,LEXMMFSA,savings,savings,lexicographic_savings,risk_neutral_expectation,24,24,24,24,4,44,24,6,lookahead_support,experiment_seed|oos_replication|rolling_start,controller|fairness_policy|solver_phase|worker|retry|execution_order,false,false
oos_experiment,shared_battery_mode_node_level_v1,aggregate_only,SI-Drahi_16-d2-HET-UHI-BHI-b5ad1d7920,PB-Drahi_16-d2-HET-UHI-73ba6c8406,DD-Drahi_16-d2-2227bce057,DA-Drahi_16-HET-d2-80dfd3a0a3,ST-1cd9cd674168,5_56,TK-PB-Drahi_16-d2-HET-UHI-73ba6c8406-r5,TK-PB-Drahi_16-d2-HET-UHI-73ba6c8406-r5,5,DETERMINISTIC_RH,NONE,none,none,descriptive_only,risk_neutral_expectation,24,24,24,24,4,44,24,6,lookahead_support,experiment_seed|oos_replication|rolling_start,controller|fairness_policy|solver_phase|worker|retry|execution_order,false,false
oos_experiment,shared_battery_mode_node_level_v1,aggregate_only,SI-Drahi_16-d2-HET-UHI-BHI-b5ad1d7920,PB-Drahi_16-d2-HET-UHI-73ba6c8406,DD-Drahi_16-d2-2227bce057,DA-Drahi_16-HET-d2-80dfd3a0a3,ST-1cd9cd674168,5_56,TK-PB-Drahi_16-d2-HET-UHI-73ba6c8406-r5,TK-PB-Drahi_16-d2-HET-UHI-73ba6c8406-r5,5,DETERMINISTIC_RH,PEA,pv,pv,proportional_pv,risk_neutral_expectation,24,24,24,24,4,44,24,6,lookahead_support,experiment_seed|oos_replication|rolling_start,controller|fairness_policy|solver_phase|worker|retry|execution_order,false,false
oos_experiment,shared_battery_mode_node_level_v1,aggregate_only,SI-Drahi_16-d2-HET-UHI-BHI-b5ad1d7920,PB-Drahi_16-d2-HET-UHI-73ba6c8406,DD-Drahi_16-d2-2227bce057,DA-Drahi_16-HET-d2-80dfd3a0a3,ST-1cd9cd674168,5_56,TK-PB-Drahi_16-d2-HET-UHI-73ba6c8406-r5,TK-PB-Drahi_16-d2-HET-UHI-73ba6c8406-r5,5,DETERMINISTIC_RH,SA,savings,savings,proportional_savings,risk_neutral_expectation,24,24,24,24,4,44,24,6,lookahead_support,experiment_seed|oos_replication|rolling_start,controller|fairness_policy|solver_phase|worker|retry|execution_order,false,false
oos_experiment,shared_battery_mode_node_level_v1,aggregate_only,SI-Drahi_16-d2-HET-UHI-BHI-b5ad1d7920,PB-Drahi_16-d2-HET-UHI-73ba6c8406,DD-Drahi_16-d2-2227bce057,DA-Drahi_16-HET-d2-80dfd3a0a3,ST-1cd9cd674168,5_56,TK-PB-Drahi_16-d2-HET-UHI-73ba6c8406-r5,TK-PB-Drahi_16-d2-HET-UHI-73ba6c8406-r5,5,DETERMINISTIC_RH,STATIC_DEMAND_SHARE,pv,pv,static_share_residual,risk_neutral_expectation,24,24,24,24,4,44,24,6,lookahead_support,experiment_seed|oos_replication|rolling_start,controller|fairness_policy|solver_phase|worker|retry|execution_order,false,false
oos_experiment,shared_battery_mode_node_level_v1,aggregate_only,SI-Drahi_16-d2-HET-UHI-BHI-b5ad1d7920,PB-Drahi_16-d2-HET-UHI-73ba6c8406,DD-Drahi_16-d2-2227bce057,DA-Drahi_16-HET-d2-80dfd3a0a3,ST-1cd9cd674168,5_56,TK-PB-Drahi_16-d2-HET-UHI-73ba6c8406-r5,TK-PB-Drahi_16-d2-HET-UHI-73ba6c8406-r5,5,MULTISTAGE_RH,LEXMMFPEA,pv,pv,lexicographic_pv,risk_neutral_expectation,24,24,24,24,4,44,24,6,lookahead_support,experiment_seed|oos_replication|rolling_start,controller|fairness_policy|solver_phase|worker|retry|execution_order,false,false
oos_experiment,shared_battery_mode_node_level_v1,aggregate_only,SI-Drahi_16-d2-HET-UHI-BHI-b5ad1d7920,PB-Drahi_16-d2-HET-UHI-73ba6c8406,DD-Drahi_16-d2-2227bce057,DA-Drahi_16-HET-d2-80dfd3a0a3,ST-1cd9cd674168,5_56,TK-PB-Drahi_16-d2-HET-UHI-73ba6c8406-r5,TK-PB-Drahi_16-d2-HET-UHI-73ba6c8406-r5,5,MULTISTAGE_RH,LEXMMFSA,savings,savings,lexicographic_savings,risk_neutral_expectation,24,24,24,24,4,44,24,6,lookahead_support,experiment_seed|oos_replication|rolling_start,controller|fairness_policy|solver_phase|worker|retry|execution_order,false,false
oos_experiment,shared_battery_mode_node_level_v1,aggregate_only,SI-Drahi_16-d2-HET-UHI-BHI-b5ad1d7920,PB-Drahi_16-d2-HET-UHI-73ba6c8406,DD-Drahi_16-d2-2227bce057,DA-Drahi_16-HET-d2-80dfd3a0a3,ST-1cd9cd674168,5_56,TK-PB-Drahi_16-d2-HET-UHI-73ba6c8406-r5,TK-PB-Drahi_16-d2-HET-UHI-73ba6c8406-r5,5,MULTISTAGE_RH,NONE,none,none,descriptive_only,risk_neutral_expectation,24,24,24,24,4,44,24,6,lookahead_support,experiment_seed|oos_replication|rolling_start,controller|fairness_policy|solver_phase|worker|retry|execution_order,false,false
oos_experiment,shared_battery_mode_node_level_v1,aggregate_only,SI-Drahi_16-d2-HET-UHI-BHI-b5ad1d7920,PB-Drahi_16-d2-HET-UHI-73ba6c8406,DD-Drahi_16-d2-2227bce057,DA-Drahi_16-HET-d2-80dfd3a0a3,ST-1cd9cd674168,5_56,TK-PB-Drahi_16-d2-HET-UHI-73ba6c8406-r5,TK-PB-Drahi_16-d2-HET-UHI-73ba6c8406-r5,5,MULTISTAGE_RH,PEA,pv,pv,proportional_pv,risk_neutral_expectation,24,24,24,24,4,44,24,6,lookahead_support,experiment_seed|oos_replication|rolling_start,controller|fairness_policy|solver_phase|worker|retry|execution_order,false,false
oos_experiment,shared_battery_mode_node_level_v1,aggregate_only,SI-Drahi_16-d2-HET-UHI-BHI-b5ad1d7920,PB-Drahi_16-d2-HET-UHI-73ba6c8406,DD-Drahi_16-d2-2227bce057,DA-Drahi_16-HET-d2-80dfd3a0a3,ST-1cd9cd674168,5_56,TK-PB-Drahi_16-d2-HET-UHI-73ba6c8406-r5,TK-PB-Drahi_16-d2-HET-UHI-73ba6c8406-r5,5,MULTISTAGE_RH,SA,savings,savings,proportional_savings,risk_neutral_expectation,24,24,24,24,4,44,24,6,lookahead_support,experiment_seed|oos_replication|rolling_start,controller|fairness_policy|solver_phase|worker|retry|execution_order,false,false
oos_experiment,shared_battery_mode_node_level_v1,aggregate_only,SI-Drahi_16-d2-HET-UHI-BHI-b5ad1d7920,PB-Drahi_16-d2-HET-UHI-73ba6c8406,DD-Drahi_16-d2-2227bce057,DA-Drahi_16-HET-d2-80dfd3a0a3,ST-1cd9cd674168,5_56,TK-PB-Drahi_16-d2-HET-UHI-73ba6c8406-r5,TK-PB-Drahi_16-d2-HET-UHI-73ba6c8406-r5,5,MULTISTAGE_RH,STATIC_DEMAND_SHARE,pv,pv,static_share_residual,risk_neutral_expectation,24,24,24,24,4,44,24,6,lookahead_support,experiment_seed|oos_replication|rolling_start,controller|fairness_policy|solver_phase|worker|retry|execution_order,false,false
oos_experiment,shared_battery_mode_node_level_v1,aggregate_only,SI-Drahi_16-d2-HET-UHI-BHI-b5ad1d7920,PB-Drahi_16-d2-HET-UHI-73ba6c8406,DD-Drahi_16-d2-2227bce057,DA-Drahi_16-HET-d2-80dfd3a0a3,ST-1cd9cd674168,5_56,TK-PB-Drahi_16-d2-HET-UHI-73ba6c8406-r5,TK-PB-Drahi_16-d2-HET-UHI-73ba6c8406-r5,5,TWO_STAGE_RH,LEXMMFPEA,pv,pv,lexicographic_pv,risk_neutral_expectation,24,24,24,24,4,44,24,6,lookahead_support,experiment_seed|oos_replication|rolling_start,controller|fairness_policy|solver_phase|worker|retry|execution_order,false,false
oos_experiment,shared_battery_mode_node_level_v1,aggregate_only,SI-Drahi_16-d2-HET-UHI-BHI-b5ad1d7920,PB-Drahi_16-d2-HET-UHI-73ba6c8406,DD-Drahi_16-d2-2227bce057,DA-Drahi_16-HET-d2-80dfd3a0a3,ST-1cd9cd674168,5_56,TK-PB-Drahi_16-d2-HET-UHI-73ba6c8406-r5,TK-PB-Drahi_16-d2-HET-UHI-73ba6c8406-r5,5,TWO_STAGE_RH,LEXMMFSA,savings,savings,lexicographic_savings,risk_neutral_expectation,24,24,24,24,4,44,24,6,lookahead_support,experiment_seed|oos_replication|rolling_start,controller|fairness_policy|solver_phase|worker|retry|execution_order,false,false
oos_experiment,shared_battery_mode_node_level_v1,aggregate_only,SI-Drahi_16-d2-HET-UHI-BHI-b5ad1d7920,PB-Drahi_16-d2-HET-UHI-73ba6c8406,DD-Drahi_16-d2-2227bce057,DA-Drahi_16-HET-d2-80dfd3a0a3,ST-1cd9cd674168,5_56,TK-PB-Drahi_16-d2-HET-UHI-73ba6c8406-r5,TK-PB-Drahi_16-d2-HET-UHI-73ba6c8406-r5,5,TWO_STAGE_RH,NONE,none,none,descriptive_only,risk_neutral_expectation,24,24,24,24,4,44,24,6,lookahead_support,experiment_seed|oos_replication|rolling_start,controller|fairness_policy|solver_phase|worker|retry|execution_order,false,false
oos_experiment,shared_battery_mode_node_level_v1,aggregate_only,SI-Drahi_16-d2-HET-UHI-BHI-b5ad1d7920,PB-Drahi_16-d2-HET-UHI-73ba6c8406,DD-Drahi_16-d2-2227bce057,DA-Drahi_16-HET-d2-80dfd3a0a3,ST-1cd9cd674168,5_56,TK-PB-Drahi_16-d2-HET-UHI-73ba6c8406-r5,TK-PB-Drahi_16-d2-HET-UHI-73ba6c8406-r5,5,TWO_STAGE_RH,PEA,pv,pv,proportional_pv,risk_neutral_expectation,24,24,24,24,4,44,24,6,lookahead_support,experiment_seed|oos_replication|rolling_start,controller|fairness_policy|solver_phase|worker|retry|execution_order,false,false
oos_experiment,shared_battery_mode_node_level_v1,aggregate_only,SI-Drahi_16-d2-HET-UHI-BHI-b5ad1d7920,PB-Drahi_16-d2-HET-UHI-73ba6c8406,DD-Drahi_16-d2-2227bce057,DA-Drahi_16-HET-d2-80dfd3a0a3,ST-1cd9cd674168,5_56,TK-PB-Drahi_16-d2-HET-UHI-73ba6c8406-r5,TK-PB-Drahi_16-d2-HET-UHI-73ba6c8406-r5,5,TWO_STAGE_RH,SA,savings,savings,proportional_savings,risk_neutral_expectation,24,24,24,24,4,44,24,6,lookahead_support,experiment_seed|oos_replication|rolling_start,controller|fairness_policy|solver_phase|worker|retry|execution_order,false,false
oos_experiment,shared_battery_mode_node_level_v1,aggregate_only,SI-Drahi_16-d2-HET-UHI-BHI-b5ad1d7920,PB-Drahi_16-d2-HET-UHI-73ba6c8406,DD-Drahi_16-d2-2227bce057,DA-Drahi_16-HET-d2-80dfd3a0a3,ST-1cd9cd674168,5_56,TK-PB-Drahi_16-d2-HET-UHI-73ba6c8406-r5,TK-PB-Drahi_16-d2-HET-UHI-73ba6c8406-r5,5,TWO_STAGE_RH,STATIC_DEMAND_SHARE,pv,pv,static_share_residual,risk_neutral_expectation,24,24,24,24,4,44,24,6,lookahead_support,experiment_seed|oos_replication|rolling_start,controller|fairness_policy|solver_phase|worker|retry|execution_order,false,false
oos_experiment,shared_battery_mode_node_level_v1,aggregate_only,SI-Drahi_16-d2-HET-UHI-BLO-8b45b5478c,PB-Drahi_16-d2-HET-UHI-73ba6c8406,DD-Drahi_16-d2-2227bce057,DA-Drahi_16-HET-d2-80dfd3a0a3,ST-1cd9cd674168,5_56,TK-PB-Drahi_16-d2-HET-UHI-73ba6c8406-r5,TK-PB-Drahi_16-d2-HET-UHI-73ba6c8406-r5,5,DETERMINISTIC_RH,LEXMMFPEA,pv,pv,lexicographic_pv,risk_neutral_expectation,24,24,24,24,4,44,24,6,lookahead_support,experiment_seed|oos_replication|rolling_start,controller|fairness_policy|solver_phase|worker|retry|execution_order,false,false
oos_experiment,shared_battery_mode_node_level_v1,aggregate_only,SI-Drahi_16-d2-HET-UHI-BLO-8b45b5478c,PB-Drahi_16-d2-HET-UHI-73ba6c8406,DD-Drahi_16-d2-2227bce057,DA-Drahi_16-HET-d2-80dfd3a0a3,ST-1cd9cd674168,5_56,TK-PB-Drahi_16-d2-HET-UHI-73ba6c8406-r5,TK-PB-Drahi_16-d2-HET-UHI-73ba6c8406-r5,5,DETERMINISTIC_RH,LEXMMFSA,savings,savings,lexicographic_savings,risk_neutral_expectation,24,24,24,24,4,44,24,6,lookahead_support,experiment_seed|oos_replication|rolling_start,controller|fairness_policy|solver_phase|worker|retry|execution_order,false,false
oos_experiment,shared_battery_mode_node_level_v1,aggregate_only,SI-Drahi_16-d2-HET-UHI-BLO-8b45b5478c,PB-Drahi_16-d2-HET-UHI-73ba6c8406,DD-Drahi_16-d2-2227bce057,DA-Drahi_16-HET-d2-80dfd3a0a3,ST-1cd9cd674168,5_56,TK-PB-Drahi_16-d2-HET-UHI-73ba6c8406-r5,TK-PB-Drahi_16-d2-HET-UHI-73ba6c8406-r5,5,DETERMINISTIC_RH,NONE,none,none,descriptive_only,risk_neutral_expectation,24,24,24,24,4,44,24,6,lookahead_support,experiment_seed|oos_replication|rolling_start,controller|fairness_policy|solver_phase|worker|retry|execution_order,false,false
oos_experiment,shared_battery_mode_node_level_v1,aggregate_only,SI-Drahi_16-d2-HET-UHI-BLO-8b45b5478c,PB-Drahi_16-d2-HET-UHI-73ba6c8406,DD-Drahi_16-d2-2227bce057,DA-Drahi_16-HET-d2-80dfd3a0a3,ST-1cd9cd674168,5_56,TK-PB-Drahi_16-d2-HET-UHI-73ba6c8406-r5,TK-PB-Drahi_16-d2-HET-UHI-73ba6c8406-r5,5,DETERMINISTIC_RH,PEA,pv,pv,proportional_pv,risk_neutral_expectation,24,24,24,24,4,44,24,6,lookahead_support,experiment_seed|oos_replication|rolling_start,controller|fairness_policy|solver_phase|worker|retry|execution_order,false,false
oos_experiment,shared_battery_mode_node_level_v1,aggregate_only,SI-Drahi_16-d2-HET-UHI-BLO-8b45b5478c,PB-Drahi_16-d2-HET-UHI-73ba6c8406,DD-Drahi_16-d2-2227bce057,DA-Drahi_16-HET-d2-80dfd3a0a3,ST-1cd9cd674168,5_56,TK-PB-Drahi_16-d2-HET-UHI-73ba6c8406-r5,TK-PB-Drahi_16-d2-HET-UHI-73ba6c8406-r5,5,DETERMINISTIC_RH,SA,savings,savings,proportional_savings,risk_neutral_expectation,24,24,24,24,4,44,24,6,lookahead_support,experiment_seed|oos_replication|rolling_start,controller|fairness_policy|solver_phase|worker|retry|execution_order,false,false
oos_experiment,shared_battery_mode_node_level_v1,aggregate_only,SI-Drahi_16-d2-HET-UHI-BLO-8b45b5478c,PB-Drahi_16-d2-HET-UHI-73ba6c8406,DD-Drahi_16-d2-2227bce057,DA-Drahi_16-HET-d2-80dfd3a0a3,ST-1cd9cd674168,5_56,TK-PB-Drahi_16-d2-HET-UHI-73ba6c8406-r5,TK-PB-Drahi_16-d2-HET-UHI-73ba6c8406-r5,5,DETERMINISTIC_RH,STATIC_DEMAND_SHARE,pv,pv,static_share_residual,risk_neutral_expectation,24,24,24,24,4,44,24,6,lookahead_support,experiment_seed|oos_replication|rolling_start,controller|fairness_policy|solver_phase|worker|retry|execution_order,false,false
oos_experiment,shared_battery_mode_node_level_v1,aggregate_only,SI-Drahi_16-d2-HET-UHI-BLO-8b45b5478c,PB-Drahi_16-d2-HET-UHI-73ba6c8406,DD-Drahi_16-d2-2227bce057,DA-Drahi_16-HET-d2-80dfd3a0a3,ST-1cd9cd674168,5_56,TK-PB-Drahi_16-d2-HET-UHI-73ba6c8406-r5,TK-PB-Drahi_16-d2-HET-UHI-73ba6c8406-r5,5,MULTISTAGE_RH,LEXMMFPEA,pv,pv,lexicographic_pv,risk_neutral_expectation,24,24,24,24,4,44,24,6,lookahead_support,experiment_seed|oos_replication|rolling_start,controller|fairness_policy|solver_phase|worker|retry|execution_order,false,false
oos_experiment,shared_battery_mode_node_level_v1,aggregate_only,SI-Drahi_16-d2-HET-UHI-BLO-8b45b5478c,PB-Drahi_16-d2-HET-UHI-73ba6c8406,DD-Drahi_16-d2-2227bce057,DA-Drahi_16-HET-d2-80dfd3a0a3,ST-1cd9cd674168,5_56,TK-PB-Drahi_16-d2-HET-UHI-73ba6c8406-r5,TK-PB-Drahi_16-d2-HET-UHI-73ba6c8406-r5,5,MULTISTAGE_RH,LEXMMFSA,savings,savings,lexicographic_savings,risk_neutral_expectation,24,24,24,24,4,44,24,6,lookahead_support,experiment_seed|oos_replication|rolling_start,controller|fairness_policy|solver_phase|worker|retry|execution_order,false,false
oos_experiment,shared_battery_mode_node_level_v1,aggregate_only,SI-Drahi_16-d2-HET-UHI-BLO-8b45b5478c,PB-Drahi_16-d2-HET-UHI-73ba6c8406,DD-Drahi_16-d2-2227bce057,DA-Drahi_16-HET-d2-80dfd3a0a3,ST-1cd9cd674168,5_56,TK-PB-Drahi_16-d2-HET-UHI-73ba6c8406-r5,TK-PB-Drahi_16-d2-HET-UHI-73ba6c8406-r5,5,MULTISTAGE_RH,NONE,none,none,descriptive_only,risk_neutral_expectation,24,24,24,24,4,44,24,6,lookahead_support,experiment_seed|oos_replication|rolling_start,controller|fairness_policy|solver_phase|worker|retry|execution_order,false,false
oos_experiment,shared_battery_mode_node_level_v1,aggregate_only,SI-Drahi_16-d2-HET-UHI-BLO-8b45b5478c,PB-Drahi_16-d2-HET-UHI-73ba6c8406,DD-Drahi_16-d2-2227bce057,DA-Drahi_16-HET-d2-80dfd3a0a3,ST-1cd9cd674168,5_56,TK-PB-Drahi_16-d2-HET-UHI-73ba6c8406-r5,TK-PB-Drahi_16-d2-HET-UHI-73ba6c8406-r5,5,MULTISTAGE_RH,PEA,pv,pv,proportional_pv,risk_neutral_expectation,24,24,24,24,4,44,24,6,lookahead_support,experiment_seed|oos_replication|rolling_start,controller|fairness_policy|solver_phase|worker|retry|execution_order,false,false
oos_experiment,shared_battery_mode_node_level_v1,aggregate_only,SI-Drahi_16-d2-HET-UHI-BLO-8b45b5478c,PB-Drahi_16-d2-HET-UHI-73ba6c8406,DD-Drahi_16-d2-2227bce057,DA-Drahi_16-HET-d2-80dfd3a0a3,ST-1cd9cd674168,5_56,TK-PB-Drahi_16-d2-HET-UHI-73ba6c8406-r5,TK-PB-Drahi_16-d2-HET-UHI-73ba6c8406-r5,5,MULTISTAGE_RH,SA,savings,savings,proportional_savings,risk_neutral_expectation,24,24,24,24,4,44,24,6,lookahead_support,experiment_seed|oos_replication|rolling_start,controller|fairness_policy|solver_phase|worker|retry|execution_order,false,false
oos_experiment,shared_battery_mode_node_level_v1,aggregate_only,SI-Drahi_16-d2-HET-UHI-BLO-8b45b5478c,PB-Drahi_16-d2-HET-UHI-73ba6c8406,DD-Drahi_16-d2-2227bce057,DA-Drahi_16-HET-d2-80dfd3a0a3,ST-1cd9cd674168,5_56,TK-PB-Drahi_16-d2-HET-UHI-73ba6c8406-r5,TK-PB-Drahi_16-d2-HET-UHI-73ba6c8406-r5,5,MULTISTAGE_RH,STATIC_DEMAND_SHARE,pv,pv,static_share_residual,risk_neutral_expectation,24,24,24,24,4,44,24,6,lookahead_support,experiment_seed|oos_replication|rolling_start,controller|fairness_policy|solver_phase|worker|retry|execution_order,false,false
oos_experiment,shared_battery_mode_node_level_v1,aggregate_only,SI-Drahi_16-d2-HET-UHI-BLO-8b45b5478c,PB-Drahi_16-d2-HET-UHI-73ba6c8406,DD-Drahi_16-d2-2227bce057,DA-Drahi_16-HET-d2-80dfd3a0a3,ST-1cd9cd674168,5_56,TK-PB-Drahi_16-d2-HET-UHI-73ba6c8406-r5,TK-PB-Drahi_16-d2-HET-UHI-73ba6c8406-r5,5,TWO_STAGE_RH,LEXMMFPEA,pv,pv,lexicographic_pv,risk_neutral_expectation,24,24,24,24,4,44,24,6,lookahead_support,experiment_seed|oos_replication|rolling_start,controller|fairness_policy|solver_phase|worker|retry|execution_order,false,false
oos_experiment,shared_battery_mode_node_level_v1,aggregate_only,SI-Drahi_16-d2-HET-UHI-BLO-8b45b5478c,PB-Drahi_16-d2-HET-UHI-73ba6c8406,DD-Drahi_16-d2-2227bce057,DA-Drahi_16-HET-d2-80dfd3a0a3,ST-1cd9cd674168,5_56,TK-PB-Drahi_16-d2-HET-UHI-73ba6c8406-r5,TK-PB-Drahi_16-d2-HET-UHI-73ba6c8406-r5,5,TWO_STAGE_RH,LEXMMFSA,savings,savings,lexicographic_savings,risk_neutral_expectation,24,24,24,24,4,44,24,6,lookahead_support,experiment_seed|oos_replication|rolling_start,controller|fairness_policy|solver_phase|worker|retry|execution_order,false,false
oos_experiment,shared_battery_mode_node_level_v1,aggregate_only,SI-Drahi_16-d2-HET-UHI-BLO-8b45b5478c,PB-Drahi_16-d2-HET-UHI-73ba6c8406,DD-Drahi_16-d2-2227bce057,DA-Drahi_16-HET-d2-80dfd3a0a3,ST-1cd9cd674168,5_56,TK-PB-Drahi_16-d2-HET-UHI-73ba6c8406-r5,TK-PB-Drahi_16-d2-HET-UHI-73ba6c8406-r5,5,TWO_STAGE_RH,NONE,none,none,descriptive_only,risk_neutral_expectation,24,24,24,24,4,44,24,6,lookahead_support,experiment_seed|oos_replication|rolling_start,controller|fairness_policy|solver_phase|worker|retry|execution_order,false,false
oos_experiment,shared_battery_mode_node_level_v1,aggregate_only,SI-Drahi_16-d2-HET-UHI-BLO-8b45b5478c,PB-Drahi_16-d2-HET-UHI-73ba6c8406,DD-Drahi_16-d2-2227bce057,DA-Drahi_16-HET-d2-80dfd3a0a3,ST-1cd9cd674168,5_56,TK-PB-Drahi_16-d2-HET-UHI-73ba6c8406-r5,TK-PB-Drahi_16-d2-HET-UHI-73ba6c8406-r5,5,TWO_STAGE_RH,PEA,pv,pv,proportional_pv,risk_neutral_expectation,24,24,24,24,4,44,24,6,lookahead_support,experiment_seed|oos_replication|rolling_start,controller|fairness_policy|solver_phase|worker|retry|execution_order,false,false
oos_experiment,shared_battery_mode_node_level_v1,aggregate_only,SI-Drahi_16-d2-HET-UHI-BLO-8b45b5478c,PB-Drahi_16-d2-HET-UHI-73ba6c8406,DD-Drahi_16-d2-2227bce057,DA-Drahi_16-HET-d2-80dfd3a0a3,ST-1cd9cd674168,5_56,TK-PB-Drahi_16-d2-HET-UHI-73ba6c8406-r5,TK-PB-Drahi_16-d2-HET-UHI-73ba6c8406-r5,5,TWO_STAGE_RH,SA,savings,savings,proportional_savings,risk_neutral_expectation,24,24,24,24,4,44,24,6,lookahead_support,experiment_seed|oos_replication|rolling_start,controller|fairness_policy|solver_phase|worker|retry|execution_order,false,false
oos_experiment,shared_battery_mode_node_level_v1,aggregate_only,SI-Drahi_16-d2-HET-UHI-BLO-8b45b5478c,PB-Drahi_16-d2-HET-UHI-73ba6c8406,DD-Drahi_16-d2-2227bce057,DA-Drahi_16-HET-d2-80dfd3a0a3,ST-1cd9cd674168,5_56,TK-PB-Drahi_16-d2-HET-UHI-73ba6c8406-r5,TK-PB-Drahi_16-d2-HET-UHI-73ba6c8406-r5,5,TWO_STAGE_RH,STATIC_DEMAND_SHARE,pv,pv,static_share_residual,risk_neutral_expectation,24,24,24,24,4,44,24,6,lookahead_support,experiment_seed|oos_replication|rolling_start,controller|fairness_policy|solver_phase|worker|retry|execution_order,false,false
