ExperimentID,StructuralInstanceID,ParallelTaskID,Replication,Controller,Fairness,FormulationID,Resource,House,Demand,PVAllocation,DemandNormalizedPV,ChargeContribution,DischargeAllocation,GridImport,GridExport,OperatingCost,AllGridBenchmark,Savings,SavingsRatio,PVOrderStatistic,SavingsOrderStatistic
oos_experiment,SI-Drahi_11-d1-HOM-UHI-BHI-c21378bdc2,TK-PB-Drahi_11-d1-HOM-UHI-83c9c2ae5e-r2,2,DETERMINISTIC_RH,LEXMMFPEA,shared_battery_mode_node_level_v1,pv,1,1155.5862405337111,396.7539150185276,0.34333561711091815,34.49725109431664,112.40000000000094,680.9295766094983,0.0,130276.64220896106,223235.50217033984,92958.85996137878,0.41641611239079046,3,5
oos_experiment,SI-Drahi_11-d1-HOM-UHI-BHI-c21378bdc2,TK-PB-Drahi_11-d1-HOM-UHI-83c9c2ae5e-r2,2,DETERMINISTIC_RH,LEXMMFPEA,shared_battery_mode_node_level_v1,pv,2,1177.3256913586104,396.75391501852783,0.3369958864659462,8.741103696816143,0.0,789.3128800368971,0.0,153102.731929165,227125.40533484687,74022.67340568188,0.32591102389691545,5,2
oos_experiment,SI-Drahi_11-d1-HOM-UHI-BHI-c21378bdc2,TK-PB-Drahi_11-d1-HOM-UHI-83c9c2ae5e-r2,2,DETERMINISTIC_RH,LEXMMFPEA,shared_battery_mode_node_level_v1,pv,3,1143.597857652574,396.33724835186104,0.34657047116668227,38.619913912678385,32.0,753.8805232133922,0.0,145124.81051779198,220356.5538770578,75231.74335926582,0.34140914819914736,1,4
oos_experiment,SI-Drahi_11-d1-HOM-UHI-BHI-c21378bdc2,TK-PB-Drahi_11-d1-HOM-UHI-83c9c2ae5e-r2,2,DETERMINISTIC_RH,LEXMMFPEA,shared_battery_mode_node_level_v1,pv,4,1207.8308871443235,396.7539150185275,0.32848465728225695,0.0,-4.4231285301066237e-13,811.0769721257959,0.0,158042.38412130513,233108.50004262046,75066.11592131533,0.32202221672564746,2,3
oos_experiment,SI-Drahi_11-d1-HOM-UHI-BHI-c21378bdc2,TK-PB-Drahi_11-d1-HOM-UHI-83c9c2ae5e-r2,2,DETERMINISTIC_RH,LEXMMFPEA,shared_battery_mode_node_level_v1,pv,5,1166.2440772266468,396.75391501852766,0.3401980106617278,78.14173129618824,-1.0658141036401503e-12,847.6318935043083,0.0,162932.18935846235,225249.34166899486,62317.15231053252,0.27665853249022104,4,1
oos_experiment,SI-Drahi_11-d1-HOM-UHI-BHI-c21378bdc2,TK-PB-Drahi_11-d1-HOM-UHI-83c9c2ae5e-r2,2,DETERMINISTIC_RH,LEXMMFSA,shared_battery_mode_node_level_v1,savings,1,1155.5862405337111,402.72996593321494,0.348507062309095,127.99999999999956,80.39999999999935,800.4562746004954,0.0,152947.62039329266,223235.50217033984,70287.88177704718,0.31485978302597234,4,1
oos_experiment,SI-Drahi_11-d1-HOM-UHI-BHI-c21378bdc2,TK-PB-Drahi_11-d1-HOM-UHI-83c9c2ae5e-r2,2,DETERMINISTIC_RH,LEXMMFSA,shared_battery_mode_node_level_v1,savings,2,1177.3256913586104,401.5208231807716,0.3410448154897771,19.261553132841335,32.0,763.0664213106787,0.0,146678.29025328477,227125.40533484687,80447.11508156211,0.3541969026448643,3,5
oos_experiment,SI-Drahi_11-d1-HOM-UHI-BHI-c21378bdc2,TK-PB-Drahi_11-d1-HOM-UHI-83c9c2ae5e-r2,2,DETERMINISTIC_RH,LEXMMFSA,shared_battery_mode_node_level_v1,savings,3,1143.597857652574,393.59861014590194,0.344175714838981,0.0,0.0,749.9992475066728,0.0,144437.2448854232,220356.5538770578,75919.3089916346,0.34452938955467516,2,2
oos_experiment,SI-Drahi_11-d1-HOM-UHI-BHI-c21378bdc2,TK-PB-Drahi_11-d1-HOM-UHI-83c9c2ae5e-r2,2,DETERMINISTIC_RH,LEXMMFSA,shared_battery_mode_node_level_v1,savings,4,1207.8308871443235,414.1039187930095,0.34284925414689144,12.738446867158189,0.0,806.4654152184717,0.0,157189.19105098554,233108.50004262046,75919.30899163493,0.3256822851923212,5,3
oos_experiment,SI-Drahi_11-d1-HOM-UHI-BHI-c21378bdc2,TK-PB-Drahi_11-d1-HOM-UHI-83c9c2ae5e-r2,2,DETERMINISTIC_RH,LEXMMFSA,shared_battery_mode_node_level_v1,savings,5,1166.2440772266468,371.3995903730736,0.3184578576864199,0.0,31.999999999999826,762.8444868535732,0.0,148226.41155269934,225249.34166899486,77022.93011629552,0.3419451952471459,1,4
oos_experiment,SI-Drahi_11-d1-HOM-UHI-BHI-c21378bdc2,TK-PB-Drahi_11-d1-HOM-UHI-83c9c2ae5e-r2,2,DETERMINISTIC_RH,NONE,shared_battery_mode_node_level_v1,none,1,1155.5862405337111,442.38383089714944,0.3828219957801099,160.0,144.40000000000023,728.8024096365605,0.0,138645.82993012667,223235.50217033984,84589.67224021317,0.3789257148518744,4,4
oos_experiment,SI-Drahi_11-d1-HOM-UHI-BHI-c21378bdc2,TK-PB-Drahi_11-d1-HOM-UHI-83c9c2ae5e-r2,2,DETERMINISTIC_RH,NONE,shared_battery_mode_node_level_v1,none,2,1177.3256913586104,319.4268718516164,0.27131563865136094,0.0,0.0,857.8988195069925,0.0,164999.11256030606,227125.40533484687,62126.29277454081,0.273532996817107,1,1
oos_experiment,SI-Drahi_11-d1-HOM-UHI-BHI-c21378bdc2,TK-PB-Drahi_11-d1-HOM-UHI-83c9c2ae5e-r2,2,DETERMINISTIC_RH,NONE,shared_battery_mode_node_level_v1,none,3,1143.597857652574,404.76715179432955,0.3539418590947537,0.0,0.0,738.8307058582452,0.0,143920.0943347128,220356.5538770578,76436.459542345,0.34687627028779333,3,3
oos_experiment,SI-Drahi_11-d1-HOM-UHI-BHI-c21378bdc2,TK-PB-Drahi_11-d1-HOM-UHI-83c9c2ae5e-r2,2,DETERMINISTIC_RH,NONE,shared_battery_mode_node_level_v1,none,4,1207.8308871443235,445.37546350980244,0.36873991901532205,0.0,0.0,762.4554236345205,0.0,147366.98975784067,233108.50004262046,85741.5102847798,0.36781803438786326,5,5
oos_experiment,SI-Drahi_11-d1-HOM-UHI-BHI-c21378bdc2,TK-PB-Drahi_11-d1-HOM-UHI-83c9c2ae5e-r2,2,DETERMINISTIC_RH,NONE,shared_battery_mode_node_level_v1,none,5,1166.2440772266468,371.39959037307364,0.31845785768641993,2.682298827494378e-13,0.0,794.8444868535732,0.0,154546.73155269932,225249.34166899486,70702.61011629555,0.3138859789441401,2,2
oos_experiment,SI-Drahi_11-d1-HOM-UHI-BHI-c21378bdc2,TK-PB-Drahi_11-d1-HOM-UHI-83c9c2ae5e-r2,2,DETERMINISTIC_RH,PEA,shared_battery_mode_node_level_v1,pv,1,1155.5862405337111,397.966660980299,0.34438508094081915,87.38841768179478,144.40000000000023,700.6079972352059,0.0,133336.5148666012,223235.50217033984,89898.98730373863,0.4027091857241471,4,5
oos_experiment,SI-Drahi_11-d1-HOM-UHI-BHI-c21378bdc2,TK-PB-Drahi_11-d1-HOM-UHI-83c9c2ae5e-r2,2,DETERMINISTIC_RH,PEA,shared_battery_mode_node_level_v1,pv,2,1177.3256913586104,385.67998244413934,0.3275898804170937,32.0,0.0,823.6457089144698,0.0,158854.0036070229,227125.40533484687,68271.40172782398,0.30058901436927626,1,1
oos_experiment,SI-Drahi_11-d1-HOM-UHI-BHI-c21378bdc2,TK-PB-Drahi_11-d1-HOM-UHI-83c9c2ae5e-r2,2,DETERMINISTIC_RH,PEA,shared_battery_mode_node_level_v1,pv,3,1143.597857652574,396.0868141193778,0.34635148314496866,0.0,0.0,747.511043533197,0.0,144596.48798033316,220356.5538770578,75760.06589672464,0.34380672852141714,2,4
oos_experiment,SI-Drahi_11-d1-HOM-UHI-BHI-c21378bdc2,TK-PB-Drahi_11-d1-HOM-UHI-83c9c2ae5e-r2,2,DETERMINISTIC_RH,PEA,shared_battery_mode_node_level_v1,pv,4,1207.8308871443235,406.92497142539906,0.3369055848434978,32.00000000000059,0.0,832.9059157189246,0.0,161537.4145125667,233108.50004262046,71571.08553005377,0.3070290680818934,5,2
oos_experiment,SI-Drahi_11-d1-HOM-UHI-BHI-c21378bdc2,TK-PB-Drahi_11-d1-HOM-UHI-83c9c2ae5e-r2,2,DETERMINISTIC_RH,PEA,shared_battery_mode_node_level_v1,pv,5,1166.2440772266468,396.6944794567563,0.34014704743461954,8.611582318204892,0.0,778.1611800880952,0.0,151154.33716916147,225249.34166899486,74095.00449983339,0.32894659736105425,3,3
oos_experiment,SI-Drahi_11-d1-HOM-UHI-BHI-c21378bdc2,TK-PB-Drahi_11-d1-HOM-UHI-83c9c2ae5e-r2,2,DETERMINISTIC_RH,SA,shared_battery_mode_node_level_v1,savings,1,1155.5862405337111,319.42687185161657,0.27641976050535894,56.59777124837125,144.40000000000023,748.3571399304647,0.0,141716.76687920335,223235.50217033984,81518.73529113649,0.3651692248705747,1,5
oos_experiment,SI-Drahi_11-d1-HOM-UHI-BHI-c21378bdc2,TK-PB-Drahi_11-d1-HOM-UHI-83c9c2ae5e-r2,2,DETERMINISTIC_RH,SA,shared_battery_mode_node_level_v1,savings,2,1177.3256913586104,440.9241966975117,0.3745133567829425,60.70032324612506,0.0,797.1018179072222,0.0,154894.56523161617,227125.40533484687,72230.8401032307,0.3180218434689949,5,2
oos_experiment,SI-Drahi_11-d1-HOM-UHI-BHI-c21378bdc2,TK-PB-Drahi_11-d1-HOM-UHI-83c9c2ae5e-r2,2,DETERMINISTIC_RH,SA,shared_battery_mode_node_level_v1,savings,3,1143.597857652574,417.38585741303746,0.36497607495504736,19.972718521456546,0.0,746.1847187609939,0.0,144430.22013520214,220356.5538770578,75926.33374185566,0.34456126857119385,4,3
oos_experiment,SI-Drahi_11-d1-HOM-UHI-BHI-c21378bdc2,TK-PB-Drahi_11-d1-HOM-UHI-83c9c2ae5e-r2,2,DETERMINISTIC_RH,SA,shared_battery_mode_node_level_v1,savings,4,1207.8308871443235,409.0247553404127,0.33864405993745583,-1.971756091734278e-13,0.0,798.80613180391,0.0,155108.5656368736,233108.50004262046,77999.93440574687,0.33460785167201423,3,4
oos_experiment,SI-Drahi_11-d1-HOM-UHI-BHI-c21378bdc2,TK-PB-Drahi_11-d1-HOM-UHI-83c9c2ae5e-r2,2,DETERMINISTIC_RH,SA,shared_battery_mode_node_level_v1,savings,5,1166.2440772266468,396.591227123393,0.34005851336582593,22.729186984047608,0.0,792.3820370873011,0.0,153328.64025279024,225249.34166899486,71920.70141620463,0.31929372527042715,2,1
oos_experiment,SI-Drahi_11-d1-HOM-UHI-BHI-c21378bdc2,TK-PB-Drahi_11-d1-HOM-UHI-83c9c2ae5e-r2,2,DETERMINISTIC_RH,STATIC_DEMAND_SHARE,shared_battery_mode_node_level_v1,pv,1,1155.5862405337111,397.19582092962463,0.343718025533238,160.0000000000002,144.40000000000094,773.9904196040848,0.0,145548.5093266982,223235.50217033984,77686.99284364164,0.3480046501938683,4,5
oos_experiment,SI-Drahi_11-d1-HOM-UHI-BHI-c21378bdc2,TK-PB-Drahi_11-d1-HOM-UHI-83c9c2ae5e-r2,2,DETERMINISTIC_RH,STATIC_DEMAND_SHARE,shared_battery_mode_node_level_v1,pv,2,1177.3256913586104,395.4054038710852,0.33585048451189004,2.0605739337042905e-13,0.0,781.9202874875238,0.0,151871.88275107113,227125.40533484687,75253.52258377575,0.33133027312744184,1,1
oos_experiment,SI-Drahi_11-d1-HOM-UHI-BHI-c21378bdc2,TK-PB-Drahi_11-d1-HOM-UHI-83c9c2ae5e-r2,2,DETERMINISTIC_RH,STATIC_DEMAND_SHARE,shared_battery_mode_node_level_v1,pv,3,1143.597857652574,397.2289625953149,0.3473502157573938,2.0605739337042905e-13,0.0,746.3688950572599,0.0,144749.25497325044,220356.5538770578,75607.29890380736,0.3431134566843448,5,4
oos_experiment,SI-Drahi_11-d1-HOM-UHI-BHI-c21378bdc2,TK-PB-Drahi_11-d1-HOM-UHI-83c9c2ae5e-r2,2,DETERMINISTIC_RH,STATIC_DEMAND_SHARE,shared_battery_mode_node_level_v1,pv,4,1207.8308871443235,396.4489531970494,0.3282321700965723,2.0605739337042905e-13,0.0,811.3819339472736,0.0,157637.6096781291,233108.50004262046,75470.89036449135,0.3237586375043922,2,2
oos_experiment,SI-Drahi_11-d1-HOM-UHI-BHI-c21378bdc2,TK-PB-Drahi_11-d1-HOM-UHI-83c9c2ae5e-r2,2,DETERMINISTIC_RH,STATIC_DEMAND_SHARE,shared_battery_mode_node_level_v1,pv,5,1166.2440772266468,397.0737678328974,0.34047226955882787,2.0605739337042905e-13,0.0,769.1703093937492,0.0,149671.5014065365,225249.34166899486,75577.84026245837,0.33552968324995336,3,3
oos_experiment,SI-Drahi_11-d1-HOM-UHI-BHI-c21378bdc2,TK-PB-Drahi_11-d1-HOM-UHI-83c9c2ae5e-r2,2,MULTISTAGE_RH,LEXMMFPEA,shared_battery_mode_node_level_v1,pv,1,1155.5862405337111,395.6705816851952,0.3423981420049217,85.63367560121299,0.0,845.5493344497288,0.0,162615.38348380005,223235.50217033984,60620.11868653979,0.2715523207427984,1,1
oos_experiment,SI-Drahi_11-d1-HOM-UHI-BHI-c21378bdc2,TK-PB-Drahi_11-d1-HOM-UHI-83c9c2ae5e-r2,2,MULTISTAGE_RH,LEXMMFPEA,shared_battery_mode_node_level_v1,pv,2,1177.3256913586104,396.67058168519395,0.33692510457955266,6.661066866427266,32.0,755.3161765398434,0.0,146305.5920390933,227125.40533484687,80819.81329575359,0.3558378384690273,2,3
oos_experiment,SI-Drahi_11-d1-HOM-UHI-BHI-c21378bdc2,TK-PB-Drahi_11-d1-HOM-UHI-83c9c2ae5e-r2,2,MULTISTAGE_RH,LEXMMFPEA,shared_battery_mode_node_level_v1,pv,3,1143.597857652574,396.670581685194,0.3468619489192003,32.0,0.0,778.9272759673801,0.0,149095.0023810548,220356.5538770578,71261.551496003,0.3233920218944862,3,2
oos_experiment,SI-Drahi_11-d1-HOM-UHI-BHI-c21378bdc2,TK-PB-Drahi_11-d1-HOM-UHI-83c9c2ae5e-r2,2,MULTISTAGE_RH,LEXMMFPEA,shared_battery_mode_node_level_v1,pv,4,1207.8308871443235,396.6705816851956,0.32841566307601594,18.50244243943331,63.99999999999999,765.6627478985612,0.0,148671.68771566934,233108.50004262046,84436.81232695113,0.362221078645837,4,5
oos_experiment,SI-Drahi_11-d1-HOM-UHI-BHI-c21378bdc2,TK-PB-Drahi_11-d1-HOM-UHI-83c9c2ae5e-r2,2,MULTISTAGE_RH,LEXMMFPEA,shared_battery_mode_node_level_v1,pv,5,1166.2440772266468,397.6705816851954,0.3409840096516198,17.202815092926446,48.400000000000006,737.3763106343777,0.0,142791.0925160678,225249.34166899486,82458.24915292708,0.3660754279766106,5,4
oos_experiment,SI-Drahi_11-d1-HOM-UHI-BHI-c21378bdc2,TK-PB-Drahi_11-d1-HOM-UHI-83c9c2ae5e-r2,2,MULTISTAGE_RH,LEXMMFSA,shared_battery_mode_node_level_v1,savings,1,1155.5862405337111,353.1897792597996,0.3056368853065244,2.8532098733586047,38.77653630484684,766.4731348424232,0.0,147825.9610881949,223235.50217033984,75409.54108214495,0.3378026360009874,1,2
oos_experiment,SI-Drahi_11-d1-HOM-UHI-BHI-c21378bdc2,TK-PB-Drahi_11-d1-HOM-UHI-83c9c2ae5e-r2,2,MULTISTAGE_RH,LEXMMFSA,shared_battery_mode_node_level_v1,savings,2,1177.3256913586104,397.7422429874253,0.33783535508210877,21.473889012777317,32.00000000000148,769.0573373839607,0.0,149275.33093635982,227125.40533484687,77850.07439848705,0.342762511678137,3,5
oos_experiment,SI-Drahi_11-d1-HOM-UHI-BHI-c21378bdc2,TK-PB-Drahi_11-d1-HOM-UHI-83c9c2ae5e-r2,2,MULTISTAGE_RH,LEXMMFSA,shared_battery_mode_node_level_v1,savings,3,1143.597857652574,362.8674292862577,0.317303348251372,0.0,32.063751437123976,748.6666769291925,0.0,144510.11331148367,220356.5538770578,75846.44056557413,0.3441987053758822,2,3
oos_experiment,SI-Drahi_11-d1-HOM-UHI-BHI-c21378bdc2,TK-PB-Drahi_11-d1-HOM-UHI-83c9c2ae5e-r2,2,MULTISTAGE_RH,LEXMMFSA,shared_battery_mode_node_level_v1,savings,4,1207.8308871443235,444.7394860163314,0.36821337386712283,71.67290111386407,10.806683288959903,823.9576189528962,0.0,158537.3201222869,233108.50004262046,74571.17992033355,0.31989901658111697,5,1
oos_experiment,SI-Drahi_11-d1-HOM-UHI-BHI-c21378bdc2,TK-PB-Drahi_11-d1-HOM-UHI-83c9c2ae5e-r2,2,MULTISTAGE_RH,LEXMMFSA,shared_battery_mode_node_level_v1,savings,5,1166.2440772266468,424.81397087616017,0.3642582021821511,64.0,30.75302896906781,774.6770773814186,0.0,149330.03267736,225249.34166899486,75919.30899163487,0.33704564208315735,4,4
oos_experiment,SI-Drahi_11-d1-HOM-UHI-BHI-c21378bdc2,TK-PB-Drahi_11-d1-HOM-UHI-83c9c2ae5e-r2,2,MULTISTAGE_RH,NONE,shared_battery_mode_node_level_v1,none,1,1155.5862405337111,503.48109859254515,0.43569322732677296,96.0,64.0,684.105141941166,0.0,131565.18624913233,223235.50217033984,91670.31592120751,0.4106439837300542,5,5
oos_experiment,SI-Drahi_11-d1-HOM-UHI-BHI-c21378bdc2,TK-PB-Drahi_11-d1-HOM-UHI-83c9c2ae5e-r2,2,MULTISTAGE_RH,NONE,shared_battery_mode_node_level_v1,none,2,1177.3256913586104,319.426871851617,0.27131563865136143,32.0,64.0,825.8988195069933,0.0,157417.99256030621,227125.40533484687,69707.41277454066,0.306911561354276,1,1
oos_experiment,SI-Drahi_11-d1-HOM-UHI-BHI-c21378bdc2,TK-PB-Drahi_11-d1-HOM-UHI-83c9c2ae5e-r2,2,MULTISTAGE_RH,NONE,shared_battery_mode_node_level_v1,none,3,1143.597857652574,359.37230889453093,0.3142470987416877,0.0,16.400000000000006,767.8255487580432,0.0,148566.90241900715,220356.5538770578,71789.65145805065,0.3257885921473605,2,2
oos_experiment,SI-Drahi_11-d1-HOM-UHI-BHI-c21378bdc2,TK-PB-Drahi_11-d1-HOM-UHI-83c9c2ae5e-r2,2,MULTISTAGE_RH,NONE,shared_battery_mode_node_level_v1,none,4,1207.8308871443235,384.278195814408,0.3181556291567916,0.0,0.0,823.5526913299154,0.0,159739.79743883508,233108.50004262046,73368.70260378538,0.3147405718383113,3,4
oos_experiment,SI-Drahi_11-d1-HOM-UHI-BHI-c21378bdc2,TK-PB-Drahi_11-d1-HOM-UHI-83c9c2ae5e-r2,2,MULTISTAGE_RH,NONE,shared_battery_mode_node_level_v1,none,5,1166.2440772266468,416.7944332728731,0.3573818220487937,32.0,0.0,781.4496439537734,0.0,152188.8794684045,225249.34166899486,73060.46220059035,0.32435372134384793,4,3
oos_experiment,SI-Drahi_11-d1-HOM-UHI-BHI-c21378bdc2,TK-PB-Drahi_11-d1-HOM-UHI-83c9c2ae5e-r2,2,MULTISTAGE_RH,PEA,shared_battery_mode_node_level_v1,pv,1,1155.5862405337111,397.7913665331023,0.34423338785115776,1.4645198046794725,16.400000000000006,742.8593938052883,0.0,145111.7542096912,223235.50217033984,78123.74796064864,0.3499611271554662,4,3
oos_experiment,SI-Drahi_11-d1-HOM-UHI-BHI-c21378bdc2,TK-PB-Drahi_11-d1-HOM-UHI-83c9c2ae5e-r2,2,MULTISTAGE_RH,PEA,shared_battery_mode_node_level_v1,pv,2,1177.3256913586104,385.9004249229112,0.32777712043095725,32.0,0.0,823.4252664356989,0.0,158327.75341276106,227125.40533484687,68797.65192208582,0.30290601714351895,1,2
oos_experiment,SI-Drahi_11-d1-HOM-UHI-BHI-c21378bdc2,TK-PB-Drahi_11-d1-HOM-UHI-83c9c2ae5e-r2,2,MULTISTAGE_RH,PEA,shared_battery_mode_node_level_v1,pv,3,1143.597857652574,395.8713812220233,0.3461631014547505,54.584916504408135,0.0,802.311392934959,0.0,154314.710808197,220356.5538770578,66041.84306886079,0.29970446490875474,2,1
oos_experiment,SI-Drahi_11-d1-HOM-UHI-BHI-c21378bdc2,TK-PB-Drahi_11-d1-HOM-UHI-83c9c2ae5e-r2,2,MULTISTAGE_RH,PEA,shared_battery_mode_node_level_v1,pv,4,1207.8308871443235,406.8251306165891,0.3368229235952447,11.190092594474692,63.99999999999999,748.195849122209,0.0,144829.0587433456,233108.50004262046,88279.44129927485,0.3787053723186167,5,5
oos_experiment,SI-Drahi_11-d1-HOM-UHI-BHI-c21378bdc2,TK-PB-Drahi_11-d1-HOM-UHI-83c9c2ae5e-r2,2,MULTISTAGE_RH,PEA,shared_battery_mode_node_level_v1,pv,5,1166.2440772266468,396.9646051313482,0.3403786676244809,60.7604710964377,64.0,766.039943191736,0.0,146895.48096169042,225249.34166899486,78353.86070730444,0.3478538943853868,3,4
oos_experiment,SI-Drahi_11-d1-HOM-UHI-BHI-c21378bdc2,TK-PB-Drahi_11-d1-HOM-UHI-83c9c2ae5e-r2,2,MULTISTAGE_RH,SA,shared_battery_mode_node_level_v1,savings,1,1155.5862405337111,450.37680195336696,0.3897388062922582,81.69369877614041,12.136881748490005,774.7662556079945,0.0,150288.97628357,223235.50217033984,72946.52588676984,0.32676937663395494,5,1
oos_experiment,SI-Drahi_11-d1-HOM-UHI-BHI-c21378bdc2,TK-PB-Drahi_11-d1-HOM-UHI-83c9c2ae5e-r2,2,MULTISTAGE_RH,SA,shared_battery_mode_node_level_v1,savings,2,1177.3256913586104,360.60199468961207,0.3062890730546146,10.265673490649698,40.057581137480675,786.931789022167,0.0,151857.05707682835,227125.40533484687,75268.34825801852,0.3313955484066248,1,2
oos_experiment,SI-Drahi_11-d1-HOM-UHI-BHI-c21378bdc2,TK-PB-Drahi_11-d1-HOM-UHI-83c9c2ae5e-r2,2,MULTISTAGE_RH,SA,shared_battery_mode_node_level_v1,savings,3,1143.597857652574,378.92606612992444,0.33134555437847146,21.734326509350304,34.711136097332044,751.6949819346679,0.0,145063.2201631071,220356.5538770578,75293.3337139507,0.34168865136617926,3,3
oos_experiment,SI-Drahi_11-d1-HOM-UHI-BHI-c21378bdc2,TK-PB-Drahi_11-d1-HOM-UHI-83c9c2ae5e-r2,2,MULTISTAGE_RH,SA,shared_battery_mode_node_level_v1,savings,4,1207.8308871443235,420.6516071751815,0.3482702848986821,45.528173643165374,27.07540345141742,805.63205016089,0.0,154053.966246441,233108.50004262046,79054.53379617946,0.339131922609967,4,5
oos_experiment,SI-Drahi_11-d1-HOM-UHI-BHI-c21378bdc2,TK-PB-Drahi_11-d1-HOM-UHI-83c9c2ae5e-r2,2,MULTISTAGE_RH,SA,shared_battery_mode_node_level_v1,savings,5,1166.2440772266468,372.7964384778891,0.31965558990396503,0.7781275806942176,30.418997565279867,763.8067687641717,0.0,148215.53836573882,225249.34166899486,77033.80330325605,0.3419934670284526,2,4
oos_experiment,SI-Drahi_11-d1-HOM-UHI-BHI-c21378bdc2,TK-PB-Drahi_11-d1-HOM-UHI-83c9c2ae5e-r2,2,MULTISTAGE_RH,STATIC_DEMAND_SHARE,shared_battery_mode_node_level_v1,pv,1,1155.5862405337111,397.19582092962514,0.34371802553323844,128.0,80.4,805.9904196040859,0.0,153196.82932669844,223235.50217033984,70038.6728436414,0.3137434331130646,4,1
oos_experiment,SI-Drahi_11-d1-HOM-UHI-BHI-c21378bdc2,TK-PB-Drahi_11-d1-HOM-UHI-83c9c2ae5e-r2,2,MULTISTAGE_RH,STATIC_DEMAND_SHARE,shared_battery_mode_node_level_v1,pv,2,1177.3256913586104,395.4054038710857,0.3358504845118905,0.0,0.0,781.9202874875243,0.0,151871.88275107124,227125.40533484687,75253.52258377563,0.3313302731274413,1,2
oos_experiment,SI-Drahi_11-d1-HOM-UHI-BHI-c21378bdc2,TK-PB-Drahi_11-d1-HOM-UHI-83c9c2ae5e-r2,2,MULTISTAGE_RH,STATIC_DEMAND_SHARE,shared_battery_mode_node_level_v1,pv,3,1143.597857652574,397.2289625953154,0.3473502157573942,0.0,0.0,746.3688950572587,0.0,144749.25497325015,220356.5538770578,75607.29890380765,0.3431134566843461,5,3
oos_experiment,SI-Drahi_11-d1-HOM-UHI-BHI-c21378bdc2,TK-PB-Drahi_11-d1-HOM-UHI-83c9c2ae5e-r2,2,MULTISTAGE_RH,STATIC_DEMAND_SHARE,shared_battery_mode_node_level_v1,pv,4,1207.8308871443235,396.4489531970499,0.3282321700965727,0.0,32.0,779.3819339472735,0.0,150702.88967812908,233108.50004262046,82405.61036449138,0.3535075312544361,2,5
oos_experiment,SI-Drahi_11-d1-HOM-UHI-BHI-c21378bdc2,TK-PB-Drahi_11-d1-HOM-UHI-83c9c2ae5e-r2,2,MULTISTAGE_RH,STATIC_DEMAND_SHARE,shared_battery_mode_node_level_v1,pv,5,1166.2440772266468,397.0737678328979,0.3404722695588283,32.0,32.0,769.1703093937488,0.0,148957.9014065364,225249.34166899486,76291.44026245846,0.33869772802519066,3,4
oos_experiment,SI-Drahi_11-d1-HOM-UHI-BHI-c21378bdc2,TK-PB-Drahi_11-d1-HOM-UHI-83c9c2ae5e-r2,2,TWO_STAGE_RH,LEXMMFPEA,shared_battery_mode_node_level_v1,pv,1,1155.5862405337111,396.67058168519384,0.34326350364122565,12.663448730976427,0.0,771.5791075794937,0.0,149304.66071991157,223235.50217033984,73930.84145042827,0.3311786912550108,4,2
oos_experiment,SI-Drahi_11-d1-HOM-UHI-BHI-c21378bdc2,TK-PB-Drahi_11-d1-HOM-UHI-83c9c2ae5e-r2,2,TWO_STAGE_RH,LEXMMFPEA,shared_battery_mode_node_level_v1,pv,2,1177.3256913586104,395.67058168519304,0.33607572194283564,92.47511558951449,31.999999999999993,842.1302252629316,0.0,161009.60213376724,227125.40533484687,66115.80320107963,0.29109822876752295,1,1
oos_experiment,SI-Drahi_11-d1-HOM-UHI-BHI-c21378bdc2,TK-PB-Drahi_11-d1-HOM-UHI-83c9c2ae5e-r2,2,TWO_STAGE_RH,LEXMMFPEA,shared_battery_mode_node_level_v1,pv,3,1143.597857652574,397.67058168520236,0.34773638217676256,42.3939447426884,32.0,756.3212207100601,0.0,145995.94727952156,220356.5538770578,74360.60659753624,0.3374558427657378,5,3
oos_experiment,SI-Drahi_11-d1-HOM-UHI-BHI-c21378bdc2,TK-PB-Drahi_11-d1-HOM-UHI-83c9c2ae5e-r2,2,TWO_STAGE_RH,LEXMMFPEA,shared_battery_mode_node_level_v1,pv,4,1207.8308871443235,396.67058168519213,0.3284156630760131,12.467490936820688,16.40000000000001,807.227796395952,0.0,156741.16915024596,233108.50004262046,76367.3308923745,0.32760423098433505,2,4
oos_experiment,SI-Drahi_11-d1-HOM-UHI-BHI-c21378bdc2,TK-PB-Drahi_11-d1-HOM-UHI-83c9c2ae5e-r2,2,TWO_STAGE_RH,LEXMMFPEA,shared_battery_mode_node_level_v1,pv,5,1166.2440772266468,396.67058168519253,0.3401265562080998,0.0,64.0,705.573495541454,0.0,136427.37885223897,225249.34166899486,88821.9628167559,0.394327291518926,3,5
oos_experiment,SI-Drahi_11-d1-HOM-UHI-BHI-c21378bdc2,TK-PB-Drahi_11-d1-HOM-UHI-83c9c2ae5e-r2,2,TWO_STAGE_RH,LEXMMFSA,shared_battery_mode_node_level_v1,savings,1,1155.5862405337111,369.1404560553285,0.3194399890784783,7.8918810666439185,22.679209879329058,771.6584556656974,0.0,149304.69369241578,223235.50217033984,73930.80847792406,0.33117854355223103,2,1
oos_experiment,SI-Drahi_11-d1-HOM-UHI-BHI-c21378bdc2,TK-PB-Drahi_11-d1-HOM-UHI-83c9c2ae5e-r2,2,TWO_STAGE_RH,LEXMMFSA,shared_battery_mode_node_level_v1,savings,2,1177.3256913586104,384.2733833395608,0.326395139560844,32.0,51.95243387494473,773.0998741441047,0.0,149086.71447529967,227125.40533484687,78038.6908595472,0.3435929624186963,3,4
oos_experiment,SI-Drahi_11-d1-HOM-UHI-BHI-c21378bdc2,TK-PB-Drahi_11-d1-HOM-UHI-83c9c2ae5e-r2,2,TWO_STAGE_RH,LEXMMFSA,shared_battery_mode_node_level_v1,savings,3,1143.597857652574,366.53913905443676,0.3205140133847572,5.61211008629607,27.244810080179818,755.4260186042536,0.0,145492.00694286963,220356.5538770578,74864.54693418817,0.3397427742310623,1,3
oos_experiment,SI-Drahi_11-d1-HOM-UHI-BHI-c21378bdc2,TK-PB-Drahi_11-d1-HOM-UHI-83c9c2ae5e-r2,2,TWO_STAGE_RH,LEXMMFSA,shared_battery_mode_node_level_v1,savings,4,1207.8308871443235,406.6040424736185,0.3366398779840389,10.227125309185558,19.333627048814037,792.1203429310765,0.0,154364.37572298347,233108.50004262046,78744.12431963699,0.3378003131813717,4,5
oos_experiment,SI-Drahi_11-d1-HOM-UHI-BHI-c21378bdc2,TK-PB-Drahi_11-d1-HOM-UHI-83c9c2ae5e-r2,2,TWO_STAGE_RH,LEXMMFSA,shared_battery_mode_node_level_v1,savings,5,1166.2440772266468,456.7958875030299,0.3916812067241535,104.26888353787444,23.18991911673243,790.5271541447586,0.0,151230.96730211662,225249.34166899486,74018.37436687824,0.3286063959984782,5,2
oos_experiment,SI-Drahi_11-d1-HOM-UHI-BHI-c21378bdc2,TK-PB-Drahi_11-d1-HOM-UHI-83c9c2ae5e-r2,2,TWO_STAGE_RH,NONE,shared_battery_mode_node_level_v1,none,1,1155.5862405337111,557.0514484733565,0.4820509529570727,96.0,64.0,630.5347920603547,0.0,122088.5461465477,223235.50217033984,101146.95602379214,0.4530952964041175,5,5
oos_experiment,SI-Drahi_11-d1-HOM-UHI-BHI-c21378bdc2,TK-PB-Drahi_11-d1-HOM-UHI-83c9c2ae5e-r2,2,TWO_STAGE_RH,NONE,shared_battery_mode_node_level_v1,none,2,1177.3256913586104,319.426871851617,0.27131563865136143,0.0,48.400000000000006,809.4988195069932,0.0,154948.22856030622,227125.40533484687,72177.17677454065,0.3177855716674722,1,4
oos_experiment,SI-Drahi_11-d1-HOM-UHI-BHI-c21378bdc2,TK-PB-Drahi_11-d1-HOM-UHI-83c9c2ae5e-r2,2,TWO_STAGE_RH,NONE,shared_battery_mode_node_level_v1,none,3,1143.597857652574,359.37230889453093,0.3142470987416877,32.0,32.0,784.2255487580431,0.0,151036.66641900715,220356.5538770578,69319.88745805065,0.31458055700365456,2,2
oos_experiment,SI-Drahi_11-d1-HOM-UHI-BHI-c21378bdc2,TK-PB-Drahi_11-d1-HOM-UHI-83c9c2ae5e-r2,2,TWO_STAGE_RH,NONE,shared_battery_mode_node_level_v1,none,4,1207.8308871443235,371.399590373074,0.307493039237616,0.0,0.0,836.4312967712494,0.0,162405.8899263248,233108.50004262046,70702.61011629566,0.3033034406869279,3,3
oos_experiment,SI-Drahi_11-d1-HOM-UHI-BHI-c21378bdc2,TK-PB-Drahi_11-d1-HOM-UHI-83c9c2ae5e-r2,2,TWO_STAGE_RH,NONE,shared_battery_mode_node_level_v1,none,5,1166.2440772266468,376.10268883339575,0.3224905456564255,32.0,0.0,822.1413883932507,0.0,158999.42708349938,225249.34166899486,66249.91458549548,0.2941181274698245,4,1
oos_experiment,SI-Drahi_11-d1-HOM-UHI-BHI-c21378bdc2,TK-PB-Drahi_11-d1-HOM-UHI-83c9c2ae5e-r2,2,TWO_STAGE_RH,PEA,shared_battery_mode_node_level_v1,pv,1,1155.5862405337111,397.7913665331028,0.3442333878511582,0.0,0.0,757.7948740006084,0.0,146640.4057918195,223235.50217033984,76595.09637852033,0.34311341894030123,4,4
oos_experiment,SI-Drahi_11-d1-HOM-UHI-BHI-c21378bdc2,TK-PB-Drahi_11-d1-HOM-UHI-83c9c2ae5e-r2,2,TWO_STAGE_RH,PEA,shared_battery_mode_node_level_v1,pv,2,1177.3256913586104,385.9004249229105,0.3277771204309566,42.733399196953584,32.0,802.1586656326533,0.0,154279.72196680307,227125.40533484687,72845.6833680438,0.3207289085985283,1,3
oos_experiment,SI-Drahi_11-d1-HOM-UHI-BHI-c21378bdc2,TK-PB-Drahi_11-d1-HOM-UHI-83c9c2ae5e-r2,2,TWO_STAGE_RH,PEA,shared_battery_mode_node_level_v1,pv,3,1143.597857652574,395.8713812220232,0.34616310145475043,27.480854097863116,0.0,775.207330528414,0.0,150152.15980047954,220356.5538770578,70204.39407657826,0.3185945361795183,2,2
oos_experiment,SI-Drahi_11-d1-HOM-UHI-BHI-c21378bdc2,TK-PB-Drahi_11-d1-HOM-UHI-83c9c2ae5e-r2,2,TWO_STAGE_RH,PEA,shared_battery_mode_node_level_v1,pv,4,1207.8308871443235,406.8251306165902,0.33682292359524557,5.685273054308037,96.0,710.6910295820412,0.0,137593.4024675966,233108.50004262046,95515.09757502386,0.4097452369071069,5,5
oos_experiment,SI-Drahi_11-d1-HOM-UHI-BHI-c21378bdc2,TK-PB-Drahi_11-d1-HOM-UHI-83c9c2ae5e-r2,2,TWO_STAGE_RH,PEA,shared_battery_mode_node_level_v1,pv,5,1166.2440772266468,396.96460513134747,0.3403786676244802,84.10047365087526,16.400000000000006,836.9799457461745,0.0,160813.06810898654,225249.34166899486,64436.273560008325,0.28606642346905403,3,1
oos_experiment,SI-Drahi_11-d1-HOM-UHI-BHI-c21378bdc2,TK-PB-Drahi_11-d1-HOM-UHI-83c9c2ae5e-r2,2,TWO_STAGE_RH,SA,shared_battery_mode_node_level_v1,savings,1,1155.5862405337111,412.63061350388944,0.3570747028913348,51.37729274412993,0.0,794.3329197739515,0.0,153801.104015398,223235.50217033984,69434.39815494182,0.3110365397971507,4,1
oos_experiment,SI-Drahi_11-d1-HOM-UHI-BHI-c21378bdc2,TK-PB-Drahi_11-d1-HOM-UHI-83c9c2ae5e-r2,2,TWO_STAGE_RH,SA,shared_battery_mode_node_level_v1,savings,2,1177.3256913586104,403.9909647267526,0.343142910829165,33.073039075617025,7.132655429244035,799.2751102782305,0.0,153588.47096298536,227125.40533484687,73536.93437186151,0.32377238584757767,3,2
oos_experiment,SI-Drahi_11-d1-HOM-UHI-BHI-c21378bdc2,TK-PB-Drahi_11-d1-HOM-UHI-83c9c2ae5e-r2,2,TWO_STAGE_RH,SA,shared_battery_mode_node_level_v1,savings,3,1143.597857652574,371.3908657784736,0.3247565245888231,8.382372014420596,38.56764989962892,742.0217139888922,0.0,143379.25454193365,220356.5538770578,76977.29933512415,0.34933065516204986,2,3
oos_experiment,SI-Drahi_11-d1-HOM-UHI-BHI-c21378bdc2,TK-PB-Drahi_11-d1-HOM-UHI-83c9c2ae5e-r2,2,TWO_STAGE_RH,SA,shared_battery_mode_node_level_v1,savings,4,1207.8308871443235,425.03341198301376,0.35189811463417775,57.728485189562235,62.245721003118724,778.2802393477532,0.0,150738.86098360718,233108.50004262046,82369.63905901328,0.3533532198266181,5,5
oos_experiment,SI-Drahi_11-d1-HOM-UHI-BHI-c21378bdc2,TK-PB-Drahi_11-d1-HOM-UHI-83c9c2ae5e-r2,2,TWO_STAGE_RH,SA,shared_battery_mode_node_level_v1,savings,5,1166.2440772266468,370.30705243384466,0.3175210572682544,9.438810976270197,36.45397366800831,768.9218621010637,0.0,147971.06763176105,225249.34166899486,77278.27403723382,0.34307880087301057,1,4
oos_experiment,SI-Drahi_11-d1-HOM-UHI-BHI-c21378bdc2,TK-PB-Drahi_11-d1-HOM-UHI-83c9c2ae5e-r2,2,TWO_STAGE_RH,STATIC_DEMAND_SHARE,shared_battery_mode_node_level_v1,pv,1,1155.5862405337111,397.19582092962514,0.34371802553323844,128.0,80.4,805.9904196040859,0.0,153196.82932669844,223235.50217033984,70038.6728436414,0.3137434331130646,4,1
oos_experiment,SI-Drahi_11-d1-HOM-UHI-BHI-c21378bdc2,TK-PB-Drahi_11-d1-HOM-UHI-83c9c2ae5e-r2,2,TWO_STAGE_RH,STATIC_DEMAND_SHARE,shared_battery_mode_node_level_v1,pv,2,1177.3256913586104,395.4054038710857,0.3358504845118905,0.0,0.0,781.9202874875243,0.0,151871.88275107124,227125.40533484687,75253.52258377563,0.3313302731274413,1,2
oos_experiment,SI-Drahi_11-d1-HOM-UHI-BHI-c21378bdc2,TK-PB-Drahi_11-d1-HOM-UHI-83c9c2ae5e-r2,2,TWO_STAGE_RH,STATIC_DEMAND_SHARE,shared_battery_mode_node_level_v1,pv,3,1143.597857652574,397.2289625953154,0.3473502157573942,0.0,0.0,746.3688950572587,0.0,144749.25497325015,220356.5538770578,75607.29890380765,0.3431134566843461,5,4
oos_experiment,SI-Drahi_11-d1-HOM-UHI-BHI-c21378bdc2,TK-PB-Drahi_11-d1-HOM-UHI-83c9c2ae5e-r2,2,TWO_STAGE_RH,STATIC_DEMAND_SHARE,shared_battery_mode_node_level_v1,pv,4,1207.8308871443235,396.4489531970499,0.3282321700965727,0.0,0.0,811.3819339472735,0.0,157637.60967812908,233108.50004262046,75470.89036449138,0.3237586375043923,2,3
oos_experiment,SI-Drahi_11-d1-HOM-UHI-BHI-c21378bdc2,TK-PB-Drahi_11-d1-HOM-UHI-83c9c2ae5e-r2,2,TWO_STAGE_RH,STATIC_DEMAND_SHARE,shared_battery_mode_node_level_v1,pv,5,1166.2440772266468,397.0737678328979,0.3404722695588283,32.0,64.0,737.1703093937488,0.0,142023.1814065364,225249.34166899486,83226.16026245846,0.369484588260239,3,5
oos_experiment,SI-Drahi_11-d1-HOM-UHI-BLO-245eea0fc0,TK-PB-Drahi_11-d1-HOM-UHI-83c9c2ae5e-r2,2,DETERMINISTIC_RH,LEXMMFPEA,shared_battery_mode_node_level_v1,pv,1,1155.5862405337111,395.6705816851944,0.34239814200492097,8.0,15.999999999999558,751.9156588485162,0.0,146048.93356425734,223235.50217033984,77186.5686060825,0.3457629626813807,1,4
oos_experiment,SI-Drahi_11-d1-HOM-UHI-BLO-245eea0fc0,TK-PB-Drahi_11-d1-HOM-UHI-83c9c2ae5e-r2,2,DETERMINISTIC_RH,LEXMMFPEA,shared_battery_mode_node_level_v1,pv,2,1177.3256913586104,396.9205816851943,0.33713745023873204,13.511493376693082,4.100000000000863,789.8166030501069,0.0,153267.8356949376,227125.40533484687,73857.56963990928,0.3251840961209179,3,2
oos_experiment,SI-Drahi_11-d1-HOM-UHI-BLO-245eea0fc0,TK-PB-Drahi_11-d1-HOM-UHI-83c9c2ae5e-r2,2,DETERMINISTIC_RH,LEXMMFPEA,shared_battery_mode_node_level_v1,pv,3,1143.597857652574,396.92058168519407,0.34708055723358905,0.0,16.0,730.6772759673808,0.0,141319.1278101449,220356.5538770578,79037.42606691289,0.35867971556230527,2,5
oos_experiment,SI-Drahi_11-d1-HOM-UHI-BLO-245eea0fc0,TK-PB-Drahi_11-d1-HOM-UHI-83c9c2ae5e-r2,2,DETERMINISTIC_RH,LEXMMFPEA,shared_battery_mode_node_level_v1,pv,4,1207.8308871443235,396.9205816851944,0.3286226456947416,7.9999999999995595,0.0,818.9103054591282,0.0,159409.62520203894,233108.50004262046,73698.87484058153,0.31615696050168385,4,1
oos_experiment,SI-Drahi_11-d1-HOM-UHI-BLO-245eea0fc0,TK-PB-Drahi_11-d1-HOM-UHI-83c9c2ae5e-r2,2,DETERMINISTIC_RH,LEXMMFPEA,shared_battery_mode_node_level_v1,pv,5,1166.2440772266468,396.9205816851944,0.34034091956898077,10.488506623307824,0.0,779.81200216476,0.0,150999.71886430672,225249.34166899486,74249.62280468814,0.32963302913354736,5,3
oos_experiment,SI-Drahi_11-d1-HOM-UHI-BLO-245eea0fc0,TK-PB-Drahi_11-d1-HOM-UHI-83c9c2ae5e-r2,2,DETERMINISTIC_RH,LEXMMFSA,shared_battery_mode_node_level_v1,savings,1,1155.5862405337111,401.3264953177035,0.3472925526807498,31.99999999999956,20.099999999999604,766.1597452160066,0.0,148980.76977870482,223235.50217033984,74254.73239163501,0.33262958476459065,5,1
oos_experiment,SI-Drahi_11-d1-HOM-UHI-BLO-245eea0fc0,TK-PB-Drahi_11-d1-HOM-UHI-83c9c2ae5e-r2,2,DETERMINISTIC_RH,LEXMMFSA,shared_battery_mode_node_level_v1,savings,2,1177.3256913586104,398.40433655727446,0.3383977258642201,0.0,8.0,770.9213548013344,0.0,150168.11294321183,227125.40533484687,76957.29239163504,0.3388317228457041,3,5
oos_experiment,SI-Drahi_11-d1-HOM-UHI-BLO-245eea0fc0,TK-PB-Drahi_11-d1-HOM-UHI-83c9c2ae5e-r2,2,DETERMINISTIC_RH,LEXMMFSA,shared_battery_mode_node_level_v1,savings,3,1143.597857652574,395.62355443425434,0.3459463934694123,0.0,0.0,747.9743032183204,0.0,144750.54148542325,220356.5538770578,75606.01239163455,0.3431076183639038,2,2
oos_experiment,SI-Drahi_11-d1-HOM-UHI-BLO-245eea0fc0,TK-PB-Drahi_11-d1-HOM-UHI-83c9c2ae5e-r2,2,DETERMINISTIC_RH,LEXMMFSA,shared_battery_mode_node_level_v1,savings,4,1207.8308871443235,387.27042322212753,0.32063298541549273,0.0,8.0,812.5604639221955,0.0,157502.4876509855,233108.50004262046,75606.01239163495,0.3243382904433408,1,4
oos_experiment,SI-Drahi_11-d1-HOM-UHI-BLO-245eea0fc0,TK-PB-Drahi_11-d1-HOM-UHI-83c9c2ae5e-r2,2,DETERMINISTIC_RH,LEXMMFSA,shared_battery_mode_node_level_v1,savings,5,1166.2440772266468,400.72809889461183,0.3436056883114483,8.0,0.0,773.5159783320347,0.0,149643.32927736,225249.34166899486,75606.01239163487,0.3356547541112831,4,3
oos_experiment,SI-Drahi_11-d1-HOM-UHI-BLO-245eea0fc0,TK-PB-Drahi_11-d1-HOM-UHI-83c9c2ae5e-r2,2,DETERMINISTIC_RH,NONE,shared_battery_mode_node_level_v1,none,1,1155.5862405337111,392.9869827923342,0.3400758584758087,36.19054431444564,36.10000000000024,762.6898020558215,0.0,147754.29542926062,223235.50217033984,75481.20674107922,0.33812366763904467,3,3
oos_experiment,SI-Drahi_11-d1-HOM-UHI-BLO-245eea0fc0,TK-PB-Drahi_11-d1-HOM-UHI-83c9c2ae5e-r2,2,DETERMINISTIC_RH,NONE,shared_battery_mode_node_level_v1,none,2,1177.3256913586104,355.3995903730734,0.3018702411589688,0.0,0.0,821.9261009855355,0.0,159074.15521855108,227125.40533484687,68051.25011629579,0.29961971896525214,1,1
oos_experiment,SI-Drahi_11-d1-HOM-UHI-BLO-245eea0fc0,TK-PB-Drahi_11-d1-HOM-UHI-83c9c2ae5e-r2,2,DETERMINISTIC_RH,NONE,shared_battery_mode_node_level_v1,none,3,1143.597857652574,416.79443327287254,0.36445891401756636,0.0,0.0,726.8034243797022,0.0,141890.9716764678,220356.5538770578,78465.58220059,0.3560846311127548,4,4
oos_experiment,SI-Drahi_11-d1-HOM-UHI-BLO-245eea0fc0,TK-PB-Drahi_11-d1-HOM-UHI-83c9c2ae5e-r2,2,DETERMINISTIC_RH,NONE,shared_battery_mode_node_level_v1,none,4,1207.8308871443235,446.7723116146177,0.36989641213011387,0.0,0.0,761.0585755297053,0.0,147128.39413305718,233108.50004262046,85980.10590956328,0.36884157331818906,5,5
oos_experiment,SI-Drahi_11-d1-HOM-UHI-BLO-245eea0fc0,TK-PB-Drahi_11-d1-HOM-UHI-83c9c2ae5e-r2,2,DETERMINISTIC_RH,NONE,shared_battery_mode_node_level_v1,none,5,1166.2440772266468,371.39959037307364,0.31845785768641993,3.8094556855546298,0.0,798.6539425391276,0.0,155197.42467834888,225249.34166899486,70051.91699064599,0.3109972107869139,2,2
oos_experiment,SI-Drahi_11-d1-HOM-UHI-BLO-245eea0fc0,TK-PB-Drahi_11-d1-HOM-UHI-83c9c2ae5e-r2,2,DETERMINISTIC_RH,PEA,shared_battery_mode_node_level_v1,pv,1,1155.5862405337111,397.9666609802988,0.344385080940819,27.809455685555392,36.10000000000024,749.3290352389666,0.0,144777.56388797998,223235.50217033984,78457.93828235986,0.3514581575044122,4,5
oos_experiment,SI-Drahi_11-d1-HOM-UHI-BLO-245eea0fc0,TK-PB-Drahi_11-d1-HOM-UHI-83c9c2ae5e-r2,2,DETERMINISTIC_RH,PEA,shared_battery_mode_node_level_v1,pv,2,1177.3256913586104,385.6799824441393,0.32758988041709364,0.0,0.0,791.6457089144695,0.0,153589.76106843495,227125.40533484687,73535.64426641192,0.32376670570163496,1,1
oos_experiment,SI-Drahi_11-d1-HOM-UHI-BLO-245eea0fc0,TK-PB-Drahi_11-d1-HOM-UHI-83c9c2ae5e-r2,2,DETERMINISTIC_RH,PEA,shared_battery_mode_node_level_v1,pv,3,1143.597857652574,396.08681411937806,0.34635148314496894,0.5219862402725823,0.0,748.0330297734694,0.0,144746.47549877336,220356.5538770578,75610.07837828444,0.3431260702164961,2,3
oos_experiment,SI-Drahi_11-d1-HOM-UHI-BLO-245eea0fc0,TK-PB-Drahi_11-d1-HOM-UHI-83c9c2ae5e-r2,2,DETERMINISTIC_RH,PEA,shared_battery_mode_node_level_v1,pv,4,1207.8308871443235,406.92497142539906,0.3369055848434978,0.0,0.0,800.9059157189239,0.0,156264.29451256662,233108.50004262046,76844.20553005385,0.3296499506281582,5,4
oos_experiment,SI-Drahi_11-d1-HOM-UHI-BLO-245eea0fc0,TK-PB-Drahi_11-d1-HOM-UHI-83c9c2ae5e-r2,2,DETERMINISTIC_RH,PEA,shared_battery_mode_node_level_v1,pv,5,1166.2440772266468,396.69447945675637,0.3401470474346196,11.668558074172292,0.0,781.2181558440626,0.0,151667.14616793062,225249.34166899486,73582.19550106424,0.3266699691810584,3,2
oos_experiment,SI-Drahi_11-d1-HOM-UHI-BLO-245eea0fc0,TK-PB-Drahi_11-d1-HOM-UHI-83c9c2ae5e-r2,2,DETERMINISTIC_RH,SA,shared_battery_mode_node_level_v1,savings,1,1155.5862405337111,370.5522141214045,0.3206616703486049,14.603151895184961,36.10000000000024,763.5371783074905,0.0,147435.6545575263,223235.50217033984,75799.84761281355,0.33955104307277467,1,4
oos_experiment,SI-Drahi_11-d1-HOM-UHI-BLO-245eea0fc0,TK-PB-Drahi_11-d1-HOM-UHI-83c9c2ae5e-r2,2,DETERMINISTIC_RH,SA,shared_battery_mode_node_level_v1,savings,2,1177.3256913586104,397.0895890673023,0.33728100217457146,9.396848104815213,0.0,789.6329503961216,0.0,153636.7829058764,227125.40533484687,73488.62242897047,0.3235596754164402,2,1
oos_experiment,SI-Drahi_11-d1-HOM-UHI-BLO-245eea0fc0,TK-PB-Drahi_11-d1-HOM-UHI-83c9c2ae5e-r2,2,DETERMINISTIC_RH,SA,shared_battery_mode_node_level_v1,savings,3,1143.597857652574,408.11539274895637,0.3568696723397869,7.9999999999995595,0.0,743.4824649036179,0.0,144743.5337660836,220356.5538770578,75613.0201109742,0.3431394200925856,5,3
oos_experiment,SI-Drahi_11-d1-HOM-UHI-BLO-245eea0fc0,TK-PB-Drahi_11-d1-HOM-UHI-83c9c2ae5e-r2,2,DETERMINISTIC_RH,SA,shared_battery_mode_node_level_v1,savings,4,1207.8308871443235,406.0806603612607,0.336206553983197,-1.971756091734278e-13,0.0,801.7502267830621,0.0,155426.90652793963,233108.50004262046,77681.59351468083,0.33324221768180007,4,5
oos_experiment,SI-Drahi_11-d1-HOM-UHI-BLO-245eea0fc0,TK-PB-Drahi_11-d1-HOM-UHI-83c9c2ae5e-r2,2,DETERMINISTIC_RH,SA,shared_battery_mode_node_level_v1,savings,5,1166.2440772266468,401.5150521270477,0.34428046407048774,8.000000000000732,0.0,772.7290250995997,0.0,149802.3633782596,225249.34166899486,75446.97829073528,0.33494871830349243,3,2
oos_experiment,SI-Drahi_11-d1-HOM-UHI-BLO-245eea0fc0,TK-PB-Drahi_11-d1-HOM-UHI-83c9c2ae5e-r2,2,DETERMINISTIC_RH,STATIC_DEMAND_SHARE,shared_battery_mode_node_level_v1,pv,1,1155.5862405337111,397.19582092962463,0.343718025533238,40.000000000000206,36.10000000000093,762.2904196040847,0.0,147114.9923266982,223235.50217033984,76120.50984364163,0.34098747333458584,4,5
oos_experiment,SI-Drahi_11-d1-HOM-UHI-BLO-245eea0fc0,TK-PB-Drahi_11-d1-HOM-UHI-83c9c2ae5e-r2,2,DETERMINISTIC_RH,STATIC_DEMAND_SHARE,shared_battery_mode_node_level_v1,pv,2,1177.3256913586104,395.4054038710852,0.33585048451189004,2.0605739337042905e-13,0.0,781.9202874875238,0.0,151871.88275107113,227125.40533484687,75253.52258377575,0.33133027312744184,1,1
oos_experiment,SI-Drahi_11-d1-HOM-UHI-BLO-245eea0fc0,TK-PB-Drahi_11-d1-HOM-UHI-83c9c2ae5e-r2,2,DETERMINISTIC_RH,STATIC_DEMAND_SHARE,shared_battery_mode_node_level_v1,pv,3,1143.597857652574,397.2289625953149,0.3473502157573938,2.0605739337042905e-13,0.0,746.3688950572599,0.0,144749.25497325044,220356.5538770578,75607.29890380736,0.3431134566843448,5,4
oos_experiment,SI-Drahi_11-d1-HOM-UHI-BLO-245eea0fc0,TK-PB-Drahi_11-d1-HOM-UHI-83c9c2ae5e-r2,2,DETERMINISTIC_RH,STATIC_DEMAND_SHARE,shared_battery_mode_node_level_v1,pv,4,1207.8308871443235,396.4489531970494,0.3282321700965723,2.0605739337042905e-13,0.0,811.3819339472736,0.0,157637.6096781291,233108.50004262046,75470.89036449135,0.3237586375043922,2,2
oos_experiment,SI-Drahi_11-d1-HOM-UHI-BLO-245eea0fc0,TK-PB-Drahi_11-d1-HOM-UHI-83c9c2ae5e-r2,2,DETERMINISTIC_RH,STATIC_DEMAND_SHARE,shared_battery_mode_node_level_v1,pv,5,1166.2440772266468,397.0737678328974,0.34047226955882787,2.0605739337042905e-13,0.0,769.1703093937492,0.0,149671.5014065365,225249.34166899486,75577.84026245837,0.33552968324995336,3,3
oos_experiment,SI-Drahi_11-d1-HOM-UHI-BLO-245eea0fc0,TK-PB-Drahi_11-d1-HOM-UHI-83c9c2ae5e-r2,2,MULTISTAGE_RH,LEXMMFPEA,shared_battery_mode_node_level_v1,pv,1,1155.5862405337111,396.67058168519657,0.34326350364122804,14.265129153764466,0.0,773.180788002279,0.0,149994.04880878993,223235.50217033984,73241.45336154991,0.3280905261460743,4,1
oos_experiment,SI-Drahi_11-d1-HOM-UHI-BLO-245eea0fc0,TK-PB-Drahi_11-d1-HOM-UHI-83c9c2ae5e-r2,2,MULTISTAGE_RH,LEXMMFPEA,shared_battery_mode_node_level_v1,pv,2,1177.3256913586104,396.6705816851954,0.3369251045795539,0.0,0.0,780.6551096734147,0.0,150909.20046185088,227125.40533484687,76216.204872996,0.3355688226978916,3,3
oos_experiment,SI-Drahi_11-d1-HOM-UHI-BLO-245eea0fc0,TK-PB-Drahi_11-d1-HOM-UHI-83c9c2ae5e-r2,2,MULTISTAGE_RH,LEXMMFPEA,shared_battery_mode_node_level_v1,pv,3,1143.597857652574,397.6705816851924,0.34773638217675384,8.970692371689054,8.000000000000002,746.8979683390708,0.0,145130.69038441684,220356.5538770578,75225.86349264096,0.34138246477847567,5,2
oos_experiment,SI-Drahi_11-d1-HOM-UHI-BLO-245eea0fc0,TK-PB-Drahi_11-d1-HOM-UHI-83c9c2ae5e-r2,2,MULTISTAGE_RH,LEXMMFPEA,shared_battery_mode_node_level_v1,pv,4,1207.8308871443235,395.67058168519475,0.32758773260110885,12.135604965531616,16.0,808.2959104246603,0.0,156410.55079643766,233108.50004262046,76697.9492461828,0.32902253342181736,1,5
oos_experiment,SI-Drahi_11-d1-HOM-UHI-BLO-245eea0fc0,TK-PB-Drahi_11-d1-HOM-UHI-83c9c2ae5e-r2,2,MULTISTAGE_RH,LEXMMFPEA,shared_battery_mode_node_level_v1,pv,5,1166.2440772266468,396.6705816851949,0.3401265562081018,4.628573509014863,12.100000000000003,762.1020690504665,0.0,148600.75068419002,225249.34166899486,76648.59098480485,0.34028330745330376,2,4
oos_experiment,SI-Drahi_11-d1-HOM-UHI-BLO-245eea0fc0,TK-PB-Drahi_11-d1-HOM-UHI-83c9c2ae5e-r2,2,MULTISTAGE_RH,LEXMMFSA,shared_battery_mode_node_level_v1,savings,1,1155.5862405337111,395.2465967351671,0.3420312416947966,0.24507305976431767,4.309945598657773,756.2747712596505,0.0,147555.9214680198,223235.50217033984,75679.58070232003,0.33901229852128417,3,3
oos_experiment,SI-Drahi_11-d1-HOM-UHI-BLO-245eea0fc0,TK-PB-Drahi_11-d1-HOM-UHI-83c9c2ae5e-r2,2,MULTISTAGE_RH,LEXMMFSA,shared_battery_mode_node_level_v1,savings,2,1177.3256913586104,395.9755270038195,0.3363347372016248,0.0,2.553889125178167,778.7962752296125,0.0,151408.8973857644,227125.40533484687,75716.50794908247,0.33336873009628754,4,4
oos_experiment,SI-Drahi_11-d1-HOM-UHI-BLO-245eea0fc0,TK-PB-Drahi_11-d1-HOM-UHI-83c9c2ae5e-r2,2,MULTISTAGE_RH,LEXMMFSA,shared_battery_mode_node_level_v1,savings,3,1143.597857652574,393.83687546690714,0.34438406195979,0.6925344935181865,3.2718115297047277,747.1817051494804,0.0,144474.92720882053,220356.5538770578,75881.62666823727,0.3443583834160587,2,5
oos_experiment,SI-Drahi_11-d1-HOM-UHI-BLO-245eea0fc0,TK-PB-Drahi_11-d1-HOM-UHI-83c9c2ae5e-r2,2,MULTISTAGE_RH,LEXMMFSA,shared_battery_mode_node_level_v1,savings,4,1207.8308871443235,416.5091147616518,0.34484058918745236,31.062392446717496,5.085918953852912,817.2982458755362,0.0,157966.2238945927,233108.50004262046,75142.27614802777,0.3223489325112088,5,1
oos_experiment,SI-Drahi_11-d1-HOM-UHI-BLO-245eea0fc0,TK-PB-Drahi_11-d1-HOM-UHI-83c9c2ae5e-r2,2,MULTISTAGE_RH,LEXMMFSA,shared_battery_mode_node_level_v1,savings,5,1166.2440772266468,381.7847944584288,0.3273626866910408,8.0,20.878434792606328,771.5808479756115,0.0,149639.2711784878,225249.34166899486,75610.07049050706,0.335672770141173,1,2
oos_experiment,SI-Drahi_11-d1-HOM-UHI-BLO-245eea0fc0,TK-PB-Drahi_11-d1-HOM-UHI-83c9c2ae5e-r2,2,MULTISTAGE_RH,NONE,shared_battery_mode_node_level_v1,none,1,1155.5862405337111,458.7873489480518,0.3970169710018003,20.19054431444564,8.0,708.9894359001049,0.0,137332.18427906645,223235.50217033984,85903.31789127339,0.38481028804157175,5,5
oos_experiment,SI-Drahi_11-d1-HOM-UHI-BLO-245eea0fc0,TK-PB-Drahi_11-d1-HOM-UHI-83c9c2ae5e-r2,2,MULTISTAGE_RH,NONE,shared_battery_mode_node_level_v1,none,2,1177.3256913586104,400.7944332728732,0.34042783251452235,0.0,20.1,756.431258085737,0.0,147268.78213425653,227125.40533484687,79856.62320059034,0.35159705310314876,4,4
oos_experiment,SI-Drahi_11-d1-HOM-UHI-BLO-245eea0fc0,TK-PB-Drahi_11-d1-HOM-UHI-83c9c2ae5e-r2,2,MULTISTAGE_RH,NONE,shared_battery_mode_node_level_v1,none,3,1143.597857652574,371.399590373074,0.3247641536645004,0.0,8.0,764.1982672795001,0.0,148073.86376076215,220356.5538770578,72282.69011629565,0.32802605070972335,1,3
oos_experiment,SI-Drahi_11-d1-HOM-UHI-BLO-245eea0fc0,TK-PB-Drahi_11-d1-HOM-UHI-83c9c2ae5e-r2,2,MULTISTAGE_RH,NONE,shared_battery_mode_node_level_v1,none,4,1207.8308871443235,372.7964384778892,0.3086495323524077,8.0,0.0,843.0344486664343,0.0,163518.57430154132,233108.50004262046,69589.92574107915,0.2985301940013155,2,1
oos_experiment,SI-Drahi_11-d1-HOM-UHI-BLO-245eea0fc0,TK-PB-Drahi_11-d1-HOM-UHI-83c9c2ae5e-r2,2,MULTISTAGE_RH,NONE,shared_battery_mode_node_level_v1,none,5,1166.2440772266468,379.575097354086,0.3254679742997912,11.809455685554362,0.0,798.4784355581148,0.0,154851.83666005876,225249.34166899486,70397.5050089361,0.3125314573055917,3,2
oos_experiment,SI-Drahi_11-d1-HOM-UHI-BLO-245eea0fc0,TK-PB-Drahi_11-d1-HOM-UHI-83c9c2ae5e-r2,2,MULTISTAGE_RH,PEA,shared_battery_mode_node_level_v1,pv,1,1155.5862405337111,397.7913665331045,0.3442333878511597,13.937939684637376,0.0,771.732813685244,0.0,149646.0898914116,223235.50217033984,73589.41227892824,0.3296492339411849,4,2
oos_experiment,SI-Drahi_11-d1-HOM-UHI-BLO-245eea0fc0,TK-PB-Drahi_11-d1-HOM-UHI-83c9c2ae5e-r2,2,MULTISTAGE_RH,PEA,shared_battery_mode_node_level_v1,pv,2,1177.3256913586104,385.9004249229103,0.32777712043095647,5.250816593504517,0.0,796.6760830292044,0.0,154767.61688836926,227125.40533484687,72357.78844647761,0.31858077849019945,1,1
oos_experiment,SI-Drahi_11-d1-HOM-UHI-BLO-245eea0fc0,TK-PB-Drahi_11-d1-HOM-UHI-83c9c2ae5e-r2,2,MULTISTAGE_RH,PEA,shared_battery_mode_node_level_v1,pv,3,1143.597857652574,395.8713812220227,0.34616310145475,9.480176494605509,8.0,749.2066529251568,0.0,145058.88216225145,220356.5538770578,75297.67171480635,0.3417083376463435,2,3
oos_experiment,SI-Drahi_11-d1-HOM-UHI-BLO-245eea0fc0,TK-PB-Drahi_11-d1-HOM-UHI-83c9c2ae5e-r2,2,MULTISTAGE_RH,PEA,shared_battery_mode_node_level_v1,pv,4,1207.8308871443235,406.82513061658875,0.3368229235952444,8.0,12.100000000000003,796.9057565277346,0.0,154025.09446454787,233108.50004262046,79083.40557807259,0.33925577816172875,5,5
oos_experiment,SI-Drahi_11-d1-HOM-UHI-BLO-245eea0fc0,TK-PB-Drahi_11-d1-HOM-UHI-83c9c2ae5e-r2,2,MULTISTAGE_RH,PEA,shared_battery_mode_node_level_v1,pv,5,1166.2440772266468,396.96460513134775,0.3403786676244805,3.331067227252598,16.0,756.6105393225514,0.0,147547.55772910512,225249.34166899486,77701.78393988975,0.3449589835164666,3,4
oos_experiment,SI-Drahi_11-d1-HOM-UHI-BLO-245eea0fc0,TK-PB-Drahi_11-d1-HOM-UHI-83c9c2ae5e-r2,2,MULTISTAGE_RH,SA,shared_battery_mode_node_level_v1,savings,1,1155.5862405337111,399.50985314869865,0.3457205002407988,19.9066742325396,8.0,767.983061617552,0.0,148580.46176501253,223235.50217033984,74655.04040532731,0.3344227942218697,3,1
oos_experiment,SI-Drahi_11-d1-HOM-UHI-BLO-245eea0fc0,TK-PB-Drahi_11-d1-HOM-UHI-83c9c2ae5e-r2,2,MULTISTAGE_RH,SA,shared_battery_mode_node_level_v1,savings,2,1177.3256913586104,384.1152110071255,0.3262607907280645,4.093325767460399,17.31706216032258,779.9867439586226,0.0,151506.05065074036,227125.40533484687,75619.35468410651,0.33294097845470993,1,4
oos_experiment,SI-Drahi_11-d1-HOM-UHI-BLO-245eea0fc0,TK-PB-Drahi_11-d1-HOM-UHI-83c9c2ae5e-r2,2,MULTISTAGE_RH,SA,shared_battery_mode_node_level_v1,savings,3,1143.597857652574,402.28991991808425,0.35177568515548957,2.5130311791902358,0.0,743.8209689136801,0.0,144786.10090543723,220356.5538770578,75570.45297162057,0.3429462461723881,4,3
oos_experiment,SI-Drahi_11-d1-HOM-UHI-BLO-245eea0fc0,TK-PB-Drahi_11-d1-HOM-UHI-83c9c2ae5e-r2,2,MULTISTAGE_RH,SA,shared_battery_mode_node_level_v1,savings,4,1207.8308871443235,406.33369355701956,0.3364160478771287,5.486968820809764,2.333044278560222,804.6511181295534,0.0,155706.0711034187,233108.50004262046,77402.42893920175,0.33204464412516,5,5
oos_experiment,SI-Drahi_11-d1-HOM-UHI-BLO-245eea0fc0,TK-PB-Drahi_11-d1-HOM-UHI-83c9c2ae5e-r2,2,MULTISTAGE_RH,SA,shared_battery_mode_node_level_v1,savings,5,1166.2440772266468,391.1042307950458,0.33535366946951617,8.0,8.4498935611172,774.6899528704836,0.0,150466.55671107656,225249.34166899486,74782.78495791831,0.33200001564405024,2,2
oos_experiment,SI-Drahi_11-d1-HOM-UHI-BLO-245eea0fc0,TK-PB-Drahi_11-d1-HOM-UHI-83c9c2ae5e-r2,2,MULTISTAGE_RH,STATIC_DEMAND_SHARE,shared_battery_mode_node_level_v1,pv,1,1155.5862405337111,397.19582092962514,0.34371802553323844,40.0,16.0,782.3904196040859,0.0,151157.39332669845,223235.50217033984,72078.10884364138,0.322879238037336,4,1
oos_experiment,SI-Drahi_11-d1-HOM-UHI-BLO-245eea0fc0,TK-PB-Drahi_11-d1-HOM-UHI-83c9c2ae5e-r2,2,MULTISTAGE_RH,STATIC_DEMAND_SHARE,shared_battery_mode_node_level_v1,pv,2,1177.3256913586104,395.4054038710857,0.3358504845118905,0.0,0.0,781.9202874875243,0.0,151871.88275107124,227125.40533484687,75253.52258377563,0.3313302731274413,1,2
oos_experiment,SI-Drahi_11-d1-HOM-UHI-BLO-245eea0fc0,TK-PB-Drahi_11-d1-HOM-UHI-83c9c2ae5e-r2,2,MULTISTAGE_RH,STATIC_DEMAND_SHARE,shared_battery_mode_node_level_v1,pv,3,1143.597857652574,397.2289625953154,0.3473502157573942,0.0,8.0,738.3688950572587,0.0,143015.57497325016,220356.5538770578,77340.97890380764,0.3509810692853639,5,5
oos_experiment,SI-Drahi_11-d1-HOM-UHI-BLO-245eea0fc0,TK-PB-Drahi_11-d1-HOM-UHI-83c9c2ae5e-r2,2,MULTISTAGE_RH,STATIC_DEMAND_SHARE,shared_battery_mode_node_level_v1,pv,4,1207.8308871443235,396.4489531970499,0.3282321700965727,0.0,8.0,803.3819339472735,0.0,156107.9296781291,233108.50004262046,77000.57036449137,0.3303207319785119,2,4
oos_experiment,SI-Drahi_11-d1-HOM-UHI-BLO-245eea0fc0,TK-PB-Drahi_11-d1-HOM-UHI-83c9c2ae5e-r2,2,MULTISTAGE_RH,STATIC_DEMAND_SHARE,shared_battery_mode_node_level_v1,pv,5,1166.2440772266468,397.0737678328979,0.3404722695588283,0.0,4.100000000000003,765.0703093937487,0.0,148892.46040653635,225249.34166899486,76356.88126245851,0.33898825495643564,3,3
oos_experiment,SI-Drahi_11-d1-HOM-UHI-BLO-245eea0fc0,TK-PB-Drahi_11-d1-HOM-UHI-83c9c2ae5e-r2,2,TWO_STAGE_RH,LEXMMFPEA,shared_battery_mode_node_level_v1,pv,1,1155.5862405337111,396.4705816851946,0.34309043131396527,0.0,8.000000000000002,751.1156588485165,0.0,145994.35946386447,223235.50217033984,77241.14270647537,0.3460074314144554,3,5
oos_experiment,SI-Drahi_11-d1-HOM-UHI-BLO-245eea0fc0,TK-PB-Drahi_11-d1-HOM-UHI-83c9c2ae5e-r2,2,TWO_STAGE_RH,LEXMMFPEA,shared_battery_mode_node_level_v1,pv,2,1177.3256913586104,397.47058168519624,0.33760461068892766,7.837500164275902,0.0,787.6926098376896,0.0,152407.4857476529,227125.40533484687,74717.91958719396,0.328972091330068,5,1
oos_experiment,SI-Drahi_11-d1-HOM-UHI-BLO-245eea0fc0,TK-PB-Drahi_11-d1-HOM-UHI-83c9c2ae5e-r2,2,TWO_STAGE_RH,LEXMMFPEA,shared_battery_mode_node_level_v1,pv,3,1143.597857652574,396.47058168519493,0.3466870622676901,8.066468772071225,8.0,747.1937447394505,0.0,144378.27790117668,220356.5538770578,75978.27597588112,0.3447969876052392,4,4
oos_experiment,SI-Drahi_11-d1-HOM-UHI-BLO-245eea0fc0,TK-PB-Drahi_11-d1-HOM-UHI-83c9c2ae5e-r2,2,TWO_STAGE_RH,LEXMMFPEA,shared_battery_mode_node_level_v1,pv,4,1207.8308871443235,396.47058168519425,0.3282500769810336,16.1624998357241,12.100000000000003,815.4228052948532,0.0,158352.24179031997,233108.50004262046,74756.2582523005,0.3206929744673936,2,2
oos_experiment,SI-Drahi_11-d1-HOM-UHI-BLO-245eea0fc0,TK-PB-Drahi_11-d1-HOM-UHI-83c9c2ae5e-r2,2,TWO_STAGE_RH,LEXMMFPEA,shared_battery_mode_node_level_v1,pv,5,1166.2440772266468,396.47058168519413,0.33995506551939764,7.933531227928775,8.0,769.7070267693812,0.0,149912.8762326712,225249.34166899486,75336.46543632366,0.3344580937645137,1,3
oos_experiment,SI-Drahi_11-d1-HOM-UHI-BLO-245eea0fc0,TK-PB-Drahi_11-d1-HOM-UHI-83c9c2ae5e-r2,2,TWO_STAGE_RH,LEXMMFSA,shared_battery_mode_node_level_v1,savings,1,1155.5862405337111,398.6857875111489,0.34500738545226584,5.4237797805795385,4.7352460588161875,757.5889867443256,0.0,147020.88554280018,223235.50217033984,76214.61662753965,0.34140903165744707,4,4
oos_experiment,SI-Drahi_11-d1-HOM-UHI-BLO-245eea0fc0,TK-PB-Drahi_11-d1-HOM-UHI-83c9c2ae5e-r2,2,TWO_STAGE_RH,LEXMMFSA,shared_battery_mode_node_level_v1,savings,2,1177.3256913586104,402.5375211606816,0.3419083811006972,9.839954103043736,1.5068777438950605,783.121246557077,0.0,151700.92128730039,227125.40533484687,75424.48404754649,0.33208299149251724,5,3
oos_experiment,SI-Drahi_11-d1-HOM-UHI-BLO-245eea0fc0,TK-PB-Drahi_11-d1-HOM-UHI-83c9c2ae5e-r2,2,TWO_STAGE_RH,LEXMMFSA,shared_battery_mode_node_level_v1,savings,3,1143.597857652574,389.4619319548096,0.3405584658528876,3.5987934728883175,4.100000000000002,753.6347191706529,0.0,145694.84919792885,220356.5538770578,74661.70467912895,0.33882225586439557,1,1
oos_experiment,SI-Drahi_11-d1-HOM-UHI-BLO-245eea0fc0,TK-PB-Drahi_11-d1-HOM-UHI-83c9c2ae5e-r2,2,TWO_STAGE_RH,LEXMMFSA,shared_battery_mode_node_level_v1,savings,4,1207.8308871443235,396.8818707193347,0.32859059570639326,13.137472643488408,9.045057891650686,815.0414311768266,0.0,158440.60504401877,233108.50004262046,74667.8949986017,0.3203139095526322,3,2
oos_experiment,SI-Drahi_11-d1-HOM-UHI-BLO-245eea0fc0,TK-PB-Drahi_11-d1-HOM-UHI-83c9c2ae5e-r2,2,TWO_STAGE_RH,LEXMMFSA,shared_battery_mode_node_level_v1,savings,5,1166.2440772266468,395.7857970799992,0.3393678946016054,8.0,16.712818305637903,761.7454618410094,0.0,148187.9800636371,225249.34166899486,77061.36160535776,0.34211581278936587,2,5
oos_experiment,SI-Drahi_11-d1-HOM-UHI-BLO-245eea0fc0,TK-PB-Drahi_11-d1-HOM-UHI-83c9c2ae5e-r2,2,TWO_STAGE_RH,NONE,shared_battery_mode_node_level_v1,none,1,1155.5862405337111,505.5790399526662,0.43750870529503966,24.0,20.1,653.9072005810449,0.0,127525.38869563784,223235.50217033984,95710.113474702,0.4287405566954597,5,5
oos_experiment,SI-Drahi_11-d1-HOM-UHI-BLO-245eea0fc0,TK-PB-Drahi_11-d1-HOM-UHI-83c9c2ae5e-r2,2,TWO_STAGE_RH,NONE,shared_battery_mode_node_level_v1,none,2,1177.3256913586104,355.399590373074,0.3018702411589693,0.0,0.0,821.9261009855363,0.0,159074.15521855123,227125.40533484687,68051.25011629565,0.29961971896525147,1,2
oos_experiment,SI-Drahi_11-d1-HOM-UHI-BLO-245eea0fc0,TK-PB-Drahi_11-d1-HOM-UHI-83c9c2ae5e-r2,2,TWO_STAGE_RH,NONE,shared_battery_mode_node_level_v1,none,3,1143.597857652574,379.5750973540861,0.33191308886607,0.0,8.0,756.022760298488,0.0,146303.3957424722,220356.5538770578,74053.1581345856,0.33606061100366286,4,4
oos_experiment,SI-Drahi_11-d1-HOM-UHI-BLO-245eea0fc0,TK-PB-Drahi_11-d1-HOM-UHI-83c9c2ae5e-r2,2,TWO_STAGE_RH,NONE,shared_battery_mode_node_level_v1,none,4,1207.8308871443235,371.399590373074,0.307493039237616,0.0,8.0,828.4312967712494,0.0,160876.2099263248,233108.50004262046,72232.29011629566,0.3098655351610475,3,3
oos_experiment,SI-Drahi_11-d1-HOM-UHI-BLO-245eea0fc0,TK-PB-Drahi_11-d1-HOM-UHI-83c9c2ae5e-r2,2,TWO_STAGE_RH,NONE,shared_battery_mode_node_level_v1,none,5,1166.2440772266468,371.39959037307386,0.31845785768642015,16.0,0.0,810.8444868535727,0.0,157266.09155269916,225249.34166899486,67983.2501162957,0.3018133132490903,2,1
oos_experiment,SI-Drahi_11-d1-HOM-UHI-BLO-245eea0fc0,TK-PB-Drahi_11-d1-HOM-UHI-83c9c2ae5e-r2,2,TWO_STAGE_RH,PEA,shared_battery_mode_node_level_v1,pv,1,1155.5862405337111,397.79136653310263,0.3442333878511581,0.0,8.0,749.7948740006085,0.0,145028.18363394786,223235.50217033984,78207.31853639198,0.35033548775192525,4,5
oos_experiment,SI-Drahi_11-d1-HOM-UHI-BLO-245eea0fc0,TK-PB-Drahi_11-d1-HOM-UHI-83c9c2ae5e-r2,2,TWO_STAGE_RH,PEA,shared_battery_mode_node_level_v1,pv,2,1177.3256913586104,385.90042492291025,0.3277771204309564,2.488514070366122,8.0,785.9137805060661,0.0,152416.11372388995,227125.40533484687,74709.29161095692,0.3289341036103573,1,2
oos_experiment,SI-Drahi_11-d1-HOM-UHI-BLO-245eea0fc0,TK-PB-Drahi_11-d1-HOM-UHI-83c9c2ae5e-r2,2,TWO_STAGE_RH,PEA,shared_battery_mode_node_level_v1,pv,3,1143.597857652574,395.87138122202276,0.34616310145475004,12.29919735919971,0.0,760.025673789751,0.0,147112.39219284363,220356.5538770578,73244.16168421417,0.33238930449547166,2,1
oos_experiment,SI-Drahi_11-d1-HOM-UHI-BLO-245eea0fc0,TK-PB-Drahi_11-d1-HOM-UHI-83c9c2ae5e-r2,2,TWO_STAGE_RH,PEA,shared_battery_mode_node_level_v1,pv,4,1207.8308871443235,406.8251306165909,0.3368229235952462,10.868521632163556,4.100000000000003,807.7742781598961,0.0,156998.09511010913,233108.50004262046,76110.40493251133,0.3265020577052989,5,4
oos_experiment,SI-Drahi_11-d1-HOM-UHI-BLO-245eea0fc0,TK-PB-Drahi_11-d1-HOM-UHI-83c9c2ae5e-r2,2,TWO_STAGE_RH,PEA,shared_battery_mode_node_level_v1,pv,5,1166.2440772266468,396.9646051313476,0.3403786676244803,14.343766938270612,16.0,767.6232390335697,0.0,149490.45647489472,225249.34166899486,75758.88519410015,0.3363334366829282,3,3
oos_experiment,SI-Drahi_11-d1-HOM-UHI-BLO-245eea0fc0,TK-PB-Drahi_11-d1-HOM-UHI-83c9c2ae5e-r2,2,TWO_STAGE_RH,SA,shared_battery_mode_node_level_v1,savings,1,1155.5862405337111,406.35984354711394,0.3516482191406462,16.0,0.0,765.2263969865971,0.0,149226.80832751247,223235.50217033984,74008.69384282737,0.3315274368247889,4,1
oos_experiment,SI-Drahi_11-d1-HOM-UHI-BLO-245eea0fc0,TK-PB-Drahi_11-d1-HOM-UHI-83c9c2ae5e-r2,2,TWO_STAGE_RH,SA,shared_battery_mode_node_level_v1,savings,2,1177.3256913586104,376.0837623878347,0.31943901772315997,0.0,12.190915285221369,789.051013685554,0.0,153006.8503775437,227125.40533484687,74118.55495730316,0.32633317637025905,1,2
oos_experiment,SI-Drahi_11-d1-HOM-UHI-BLO-245eea0fc0,TK-PB-Drahi_11-d1-HOM-UHI-83c9c2ae5e-r2,2,TWO_STAGE_RH,SA,shared_battery_mode_node_level_v1,savings,3,1143.597857652574,381.71040324869995,0.33378027135537347,0.0,12.100000000000001,749.7874544038741,0.0,145159.5540304372,220356.5538770578,75196.9998466206,0.3412514786765762,2,4
oos_experiment,SI-Drahi_11-d1-HOM-UHI-BLO-245eea0fc0,TK-PB-Drahi_11-d1-HOM-UHI-83c9c2ae5e-r2,2,TWO_STAGE_RH,SA,shared_battery_mode_node_level_v1,savings,4,1207.8308871443235,412.8685134443508,0.34182642440987454,8.0,11.809084714778631,791.1532889851941,0.0,153398.70275548566,233108.50004262046,79709.7972871348,0.3419429032942215,5,5
oos_experiment,SI-Drahi_11-d1-HOM-UHI-BLO-245eea0fc0,TK-PB-Drahi_11-d1-HOM-UHI-83c9c2ae5e-r2,2,TWO_STAGE_RH,SA,shared_battery_mode_node_level_v1,savings,5,1166.2440772266468,406.330385797975,0.3484093885083106,16.0,0.0,775.9136914286715,0.0,150253.32564470614,225249.34166899486,74996.01602428872,0.33294666021486435,3,3
oos_experiment,SI-Drahi_11-d1-HOM-UHI-BLO-245eea0fc0,TK-PB-Drahi_11-d1-HOM-UHI-83c9c2ae5e-r2,2,TWO_STAGE_RH,STATIC_DEMAND_SHARE,shared_battery_mode_node_level_v1,pv,1,1155.5862405337111,397.19582092962514,0.34371802553323844,24.0,20.1,762.290419604086,0.0,147658.99232669844,223235.50217033984,75576.5098436414,0.33855058496015006,4,3
oos_experiment,SI-Drahi_11-d1-HOM-UHI-BLO-245eea0fc0,TK-PB-Drahi_11-d1-HOM-UHI-83c9c2ae5e-r2,2,TWO_STAGE_RH,STATIC_DEMAND_SHARE,shared_battery_mode_node_level_v1,pv,2,1177.3256913586104,395.4054038710857,0.3358504845118905,0.0,0.0,781.9202874875243,0.0,151871.88275107124,227125.40533484687,75253.52258377563,0.3313302731274413,1,2
oos_experiment,SI-Drahi_11-d1-HOM-UHI-BLO-245eea0fc0,TK-PB-Drahi_11-d1-HOM-UHI-83c9c2ae5e-r2,2,TWO_STAGE_RH,STATIC_DEMAND_SHARE,shared_battery_mode_node_level_v1,pv,3,1143.597857652574,397.2289625953154,0.3473502157573942,0.0,0.0,746.3688950572587,0.0,144749.25497325015,220356.5538770578,75607.29890380765,0.3431134566843461,5,4
oos_experiment,SI-Drahi_11-d1-HOM-UHI-BLO-245eea0fc0,TK-PB-Drahi_11-d1-HOM-UHI-83c9c2ae5e-r2,2,TWO_STAGE_RH,STATIC_DEMAND_SHARE,shared_battery_mode_node_level_v1,pv,4,1207.8308871443235,396.4489531970499,0.3282321700965727,8.0,0.0,819.3819339472735,0.0,159005.6896781291,233108.50004262046,74102.81036449136,0.31788978244441,2,1
oos_experiment,SI-Drahi_11-d1-HOM-UHI-BLO-245eea0fc0,TK-PB-Drahi_11-d1-HOM-UHI-83c9c2ae5e-r2,2,TWO_STAGE_RH,STATIC_DEMAND_SHARE,shared_battery_mode_node_level_v1,pv,5,1166.2440772266468,397.0737678328979,0.3404722695588283,8.0,16.0,761.1703093937487,0.0,147759.42140653636,225249.34166899486,77489.9202624585,0.34401840950252527,3,5
