ExperimentID,FormulationID,StructuralInstanceID,ParallelTaskID,Replication,Controller,Fairness,Resource,ApplicableDiagnostic,House,PVAllocation,PVRate,PVProportionalTarget,PVDeviation,Savings,SavingsRate,SavingsProportionalTarget,SavingsDeviation,StaticShareTarget,StaticShareDeviation,PVOrderStatistic,SavingsOrderStatistic,SortedPV,SortedSavings,CumulativePVOrder,CumulativeSavingsOrder,MinHouseholdPV,MinHouseholdSavings,LexicographicPVShortfall,LexicographicSavingsShortfall
oos_experiment,shared_battery_mode_node_level_v1,SI-Drahi_17-d2-HOM-UHI-BHI-9b6106ce56,TK-PB-Drahi_17-d2-HOM-UHI-ab9213e738-r2,2,DETERMINISTIC_RH,LEXMMFPEA,pv,lexicographic_pv,1,108.21980833353476,0.1962647358348263,112.93316437236582,-4.713356038831066,15991.502286521078,0.1697438890998547,19188.856461736406,-3197.3541752153287,108.21305906398297,0.006749269551789894,3,3,83.50507371136877,11008.491061556822,83.50507371136877,11008.491061556822,83.50507371136877,11008.491061556822,26.774348491722336,7833.4270437999
oos_experiment,shared_battery_mode_node_level_v1,SI-Drahi_17-d2-HOM-UHI-BHI-9b6106ce56,TK-PB-Drahi_17-d2-HOM-UHI-ab9213e738-r2,2,DETERMINISTIC_RH,LEXMMFPEA,pv,lexicographic_pv,2,106.55596792370369,0.19324723651066963,112.49757431528037,-5.941606391576684,21455.242593449075,0.2277394740119308,19226.814836352973,2228.427757096102,109.63393635830177,-3.077968434598077,2,4,106.55596792370369,12306.848167136981,190.06104163507246,23315.339228693803,83.50507371136877,11008.491061556822,26.774348491722336,7833.4270437999
oos_experiment,shared_battery_mode_node_level_v1,SI-Drahi_17-d2-HOM-UHI-BHI-9b6106ce56,TK-PB-Drahi_17-d2-HOM-UHI-ab9213e738-r2,2,DETERMINISTIC_RH,LEXMMFPEA,pv,lexicographic_pv,3,119.53540653432519,0.21678642152148428,108.46829614492509,11.0671103894001,12306.848167136981,0.13063264682843695,18638.212139804546,-6331.363972667565,114.28468595447805,5.25072057984714,4,2,108.21980833353476,15991.502286521078,298.2808499686072,39306.84151521488,83.50507371136877,11008.491061556822,26.774348491722336,7833.4270437999
oos_experiment,shared_battery_mode_node_level_v1,SI-Drahi_17-d2-HOM-UHI-BHI-9b6106ce56,TK-PB-Drahi_17-d2-HOM-UHI-ab9213e738-r2,2,DETERMINISTIC_RH,LEXMMFPEA,pv,lexicographic_pv,4,83.50507371136877,0.1514427116920969,111.29253812640746,-27.7874644150387,11008.491061556822,0.11685106579915693,19015.68947270462,-8007.198411147798,110.19831352842127,-26.6932398170525,1,1,119.53540653432519,21455.242593449075,417.8162565029324,60762.084108663956,83.50507371136877,11008.491061556822,26.774348491722336,7833.4270437999
oos_experiment,shared_battery_mode_node_level_v1,SI-Drahi_17-d2-HOM-UHI-BHI-9b6106ce56,TK-PB-Drahi_17-d2-HOM-UHI-ab9213e738-r2,2,DETERMINISTIC_RH,LEXMMFPEA,pv,lexicographic_pv,5,133.58085451252308,0.24225889444092288,106.20553805647673,27.37531645604635,33447.50641811965,0.35503292426062066,18140.01761618507,15307.488801934582,109.06711611027156,24.51373840225152,5,5,133.58085451252308,33447.50641811965,551.3971110154555,94209.5905267836,83.50507371136877,11008.491061556822,26.774348491722336,7833.4270437999
oos_experiment,shared_battery_mode_node_level_v1,SI-Drahi_17-d2-HOM-UHI-BHI-9b6106ce56,TK-PB-Drahi_17-d2-HOM-UHI-ab9213e738-r2,2,DETERMINISTIC_RH,LEXMMFSA,savings,lexicographic_savings,1,102.05203442584835,0.1850790154448013,112.93316437236588,-10.881129946517532,15359.734836658608,0.16303791101068263,19188.85646173642,-3829.1216250778125,108.21305906398297,-6.16102463813462,2,1,81.36339248172118,15359.734836658608,81.36339248172118,15359.734836658608,81.36339248172118,15359.734836658608,28.916029721369966,3482.183268698129
oos_experiment,shared_battery_mode_node_level_v1,SI-Drahi_17-d2-HOM-UHI-BHI-9b6106ce56,TK-PB-Drahi_17-d2-HOM-UHI-ab9213e738-r2,2,DETERMINISTIC_RH,LEXMMFSA,savings,lexicographic_savings,2,111.1274005533831,0.20153787231262477,112.49757431528043,-1.370173761897334,19708.546942417917,0.20919894495045913,19226.814836352987,481.7321060649301,109.63393635830177,1.49346419508133,3,3,102.05203442584835,16162.93483665894,183.41542690756953,31522.66967331755,81.36339248172118,15359.734836658608,28.916029721369966,3482.183268698129
oos_experiment,shared_battery_mode_node_level_v1,SI-Drahi_17-d2-HOM-UHI-BHI-9b6106ce56,TK-PB-Drahi_17-d2-HOM-UHI-ab9213e738-r2,2,DETERMINISTIC_RH,LEXMMFSA,savings,lexicographic_savings,3,115.69564983692531,0.20982273487769934,108.46829614492513,7.227353692000179,20651.919074389414,0.21921249162544756,18638.21213980456,2013.706934584854,114.28468595447805,1.4109638824472626,4,4,111.1274005533831,19708.546942417917,294.5428274609526,51231.216615735466,81.36339248172118,15359.734836658608,28.916029721369966,3482.183268698129
oos_experiment,shared_battery_mode_node_level_v1,SI-Drahi_17-d2-HOM-UHI-BHI-9b6106ce56,TK-PB-Drahi_17-d2-HOM-UHI-ab9213e738-r2,2,DETERMINISTIC_RH,LEXMMFSA,savings,lexicographic_savings,4,81.36339248172118,0.14755861221666894,111.2925381264075,-29.92914564468633,16162.93483665894,0.17156358228798196,19015.68947270464,-2852.754636045698,110.19831352842127,-28.83492104670009,1,2,115.69564983692531,20651.919074389414,410.2384772978779,71883.13569012488,81.36339248172118,15359.734836658608,28.916029721369966,3482.183268698129
oos_experiment,shared_battery_mode_node_level_v1,SI-Drahi_17-d2-HOM-UHI-BHI-9b6106ce56,TK-PB-Drahi_17-d2-HOM-UHI-ab9213e738-r2,2,DETERMINISTIC_RH,LEXMMFSA,savings,lexicographic_savings,5,141.1586337175778,0.2560017651482057,106.20553805647677,34.95309566110103,22326.454836658813,0.23698707012542872,18140.017616185087,4186.4372204737265,109.06711611027156,32.091517607306244,5,5,141.1586337175778,22326.454836658813,551.3971110154557,94209.5905267837,81.36339248172118,15359.734836658608,28.916029721369966,3482.183268698129
oos_experiment,shared_battery_mode_node_level_v1,SI-Drahi_17-d2-HOM-UHI-BHI-9b6106ce56,TK-PB-Drahi_17-d2-HOM-UHI-ab9213e738-r2,2,DETERMINISTIC_RH,NONE,none,descriptive_only,1,83.50507371137154,0.1514427116921019,112.93316437236582,-29.428090660994286,-4006.868938443222,-0.04253143354130242,19188.856461736457,-23195.72540017968,108.21305906398297,-24.70798535261143,3,1,78.64591206338396,-4006.868938443222,78.64591206338396,-4006.868938443222,78.64591206338396,-4006.868938443222,31.63351013970714,22848.787043799995
oos_experiment,shared_battery_mode_node_level_v1,SI-Drahi_17-d2-HOM-UHI-BHI-9b6106ce56,TK-PB-Drahi_17-d2-HOM-UHI-ab9213e738-r2,2,DETERMINISTIC_RH,NONE,none,descriptive_only,2,91.11206227523073,0.16523855576145172,112.49757431528037,-21.385512040049647,18109.762780226883,0.19222844170072326,19226.814836353024,-1117.05205612614,109.63393635830177,-18.52187408307104,4,3,78.64591206338534,15652.559911969991,157.2918241267693,11645.690973526769,78.64591206338396,-4006.868938443222,31.63351013970714,22848.787043799995
oos_experiment,shared_battery_mode_node_level_v1,SI-Drahi_17-d2-HOM-UHI-BHI-9b6106ce56,TK-PB-Drahi_17-d2-HOM-UHI-ab9213e738-r2,2,DETERMINISTIC_RH,NONE,none,descriptive_only,3,78.64591206338534,0.14263025774391647,108.46829614492509,-29.822384081539752,15652.559911969991,0.1661461410080108,18638.212139804597,-2985.6522278346056,114.28468595447805,-35.63877389109271,2,2,83.50507371137154,18109.762780226883,240.7968978381408,29755.453753753653,78.64591206338396,-4006.868938443222,31.63351013970714,22848.787043799995
oos_experiment,shared_battery_mode_node_level_v1,SI-Drahi_17-d2-HOM-UHI-BHI-9b6106ce56,TK-PB-Drahi_17-d2-HOM-UHI-ab9213e738-r2,2,DETERMINISTIC_RH,NONE,none,descriptive_only,4,219.48815090208387,0.3980582170586158,111.29253812640746,108.19561277567641,43201.09526105979,0.45856366660226255,19015.68947270467,24185.405788355118,110.19831352842127,109.2898373736626,5,5,91.11206227523073,21253.041511970427,331.90896011337156,51008.49526572408,78.64591206338396,-4006.868938443222,31.63351013970714,22848.787043799995
oos_experiment,shared_battery_mode_node_level_v1,SI-Drahi_17-d2-HOM-UHI-BHI-9b6106ce56,TK-PB-Drahi_17-d2-HOM-UHI-ab9213e738-r2,2,DETERMINISTIC_RH,NONE,none,descriptive_only,5,78.64591206338396,0.14263025774391397,106.20553805647673,-27.559625993092766,21253.041511970427,0.2255931842303058,18140.01761618512,3113.023895785307,109.06711611027156,-30.421204046887595,1,4,219.48815090208387,43201.09526105979,551.3971110154555,94209.59052678387,78.64591206338396,-4006.868938443222,31.63351013970714,22848.787043799995
oos_experiment,shared_battery_mode_node_level_v1,SI-Drahi_17-d2-HOM-UHI-BHI-9b6106ce56,TK-PB-Drahi_17-d2-HOM-UHI-ab9213e738-r2,2,DETERMINISTIC_RH,PEA,pv,proportional_pv,1,82.07772898531744,0.14885411502095597,112.93316437236582,-30.855435387048388,2190.5928332464537,0.02325233366366949,19188.856461736446,-16998.263628489993,108.21305906398297,-26.135330078665532,1,1,82.07772898531744,2190.5928332464537,82.07772898531744,2190.5928332464537,82.07772898531744,2190.5928332464537,28.201693217773666,16651.32527211031
oos_experiment,shared_battery_mode_node_level_v1,SI-Drahi_17-d2-HOM-UHI-BHI-9b6106ce56,TK-PB-Drahi_17-d2-HOM-UHI-ab9213e738-r2,2,DETERMINISTIC_RH,PEA,pv,proportional_pv,2,113.10121448152647,0.2051175318514795,112.49757431528037,0.6036401662460946,22205.306325789425,0.23570112343792057,19226.814836353013,2978.491489436412,109.63393635830177,3.467278123224702,3,3,108.87367296103236,20819.25473998845,190.9514019463498,23009.847573234903,82.07772898531744,2190.5928332464537,28.201693217773666,16651.32527211031
oos_experiment,shared_battery_mode_node_level_v1,SI-Drahi_17-d2-HOM-UHI-BHI-9b6106ce56,TK-PB-Drahi_17-d2-HOM-UHI-ab9213e738-r2,2,DETERMINISTIC_RH,PEA,pv,proportional_pv,3,113.65017081868828,0.20611310532510696,108.46829614492509,5.18187467376319,22491.28428451714,0.2387366738222141,18638.212139804586,3853.0721447125543,114.28468595447805,-0.6345151357897691,4,4,113.10121448152647,22205.306325789425,304.0526164278763,45215.15389902433,82.07772898531744,2190.5928332464537,28.201693217773666,16651.32527211031
oos_experiment,shared_battery_mode_node_level_v1,SI-Drahi_17-d2-HOM-UHI-BHI-9b6106ce56,TK-PB-Drahi_17-d2-HOM-UHI-ab9213e738-r2,2,DETERMINISTIC_RH,PEA,pv,proportional_pv,4,133.69432376889085,0.2424646794443278,111.29253812640746,22.40178564248339,26503.152343242342,0.2813211711785064,19015.689472704664,7487.462870537678,110.19831352842127,23.496010240469587,5,5,113.65017081868828,22491.28428451714,417.7027872465645,67706.43818354147,82.07772898531744,2190.5928332464537,28.201693217773666,16651.32527211031
oos_experiment,shared_battery_mode_node_level_v1,SI-Drahi_17-d2-HOM-UHI-BHI-9b6106ce56,TK-PB-Drahi_17-d2-HOM-UHI-ab9213e738-r2,2,DETERMINISTIC_RH,PEA,pv,proportional_pv,5,108.87367296103236,0.19745056835812957,106.20553805647673,2.668134904555629,20819.25473998845,0.2209886978976894,18140.01761618511,2679.237123803341,109.06711611027156,-0.1934431492392008,2,2,133.69432376889085,26503.152343242342,551.3971110154554,94209.59052678381,82.07772898531744,2190.5928332464537,28.201693217773666,16651.32527211031
oos_experiment,shared_battery_mode_node_level_v1,SI-Drahi_17-d2-HOM-UHI-BHI-9b6106ce56,TK-PB-Drahi_17-d2-HOM-UHI-ab9213e738-r2,2,DETERMINISTIC_RH,SA,savings,proportional_savings,1,80.58957672257978,0.1461552393231906,112.93316437236581,-32.34358764978603,7600.393537296593,0.08067536961787125,19188.856461736465,-11588.462924439871,108.21305906398297,-27.62348234140319,1,1,80.58957672257978,7600.393537296593,80.58957672257978,7600.393537296593,80.58957672257978,7600.393537296593,29.689845480511295,11241.524568060187
oos_experiment,shared_battery_mode_node_level_v1,SI-Drahi_17-d2-HOM-UHI-BHI-9b6106ce56,TK-PB-Drahi_17-d2-HOM-UHI-ab9213e738-r2,2,DETERMINISTIC_RH,SA,savings,proportional_savings,2,86.89006492417468,0.15758164703503352,112.49757431528035,-25.607509391105665,22915.096183356276,0.24323528056139346,19226.81483635303,3688.281347003245,109.63393635830177,-22.743871434127087,2,5,86.89006492417468,20222.357333107182,167.47964164675446,27822.750870403775,80.58957672257978,7600.393537296593,29.689845480511295,11241.524568060187
oos_experiment,shared_battery_mode_node_level_v1,SI-Drahi_17-d2-HOM-UHI-BHI-9b6106ce56,TK-PB-Drahi_17-d2-HOM-UHI-ab9213e738-r2,2,DETERMINISTIC_RH,SA,savings,proportional_savings,3,106.36322115437609,0.19289767579394296,108.46829614492506,-2.105074990548971,20878.126227738045,0.2216135969915119,18638.212139804604,2239.914087933441,114.28468595447805,-7.921464800101958,3,3,106.36322115437609,20878.126227738045,273.84286280113054,48700.87709814182,80.58957672257978,7600.393537296593,29.689845480511295,11241.524568060187
oos_experiment,shared_battery_mode_node_level_v1,SI-Drahi_17-d2-HOM-UHI-BHI-9b6106ce56,TK-PB-Drahi_17-d2-HOM-UHI-ab9213e738-r2,2,DETERMINISTIC_RH,SA,savings,proportional_savings,4,114.43612511943857,0.20753849237384014,111.29253812640744,3.1435869930311355,22593.6172452858,0.23982290039634988,19015.68947270468,3577.9277725811226,110.19831352842127,4.237811591017305,4,4,114.43612511943857,22593.6172452858,388.2789879205691,71294.49434342762,80.58957672257978,7600.393537296593,29.689845480511295,11241.524568060187
oos_experiment,shared_battery_mode_node_level_v1,SI-Drahi_17-d2-HOM-UHI-BHI-9b6106ce56,TK-PB-Drahi_17-d2-HOM-UHI-ab9213e738-r2,2,DETERMINISTIC_RH,SA,savings,proportional_savings,5,163.1181230948863,0.29582694547399285,106.2055380564767,56.9125850384096,20222.357333107182,0.21465285243287352,18140.017616185127,2082.3397169220552,109.06711611027156,54.051006984614745,5,2,163.1181230948863,22915.096183356276,551.3971110154554,94209.5905267839,80.58957672257978,7600.393537296593,29.689845480511295,11241.524568060187
oos_experiment,shared_battery_mode_node_level_v1,SI-Drahi_17-d2-HOM-UHI-BHI-9b6106ce56,TK-PB-Drahi_17-d2-HOM-UHI-ab9213e738-r2,2,DETERMINISTIC_RH,STATIC_DEMAND_SHARE,pv,static_share_residual,1,108.21305906398291,0.19625249552848992,112.93316437236581,-4.720105308382898,6526.489498681331,0.06927627497569737,19188.856461736454,-12662.366963055123,108.21305906398297,-5.684341886080802e-14,1,1,108.21305906398291,6526.489498681331,108.21305906398291,6526.489498681331,108.21305906398291,6526.489498681331,2.0663631391081623,12315.428606675436
oos_experiment,shared_battery_mode_node_level_v1,SI-Drahi_17-d2-HOM-UHI-BHI-9b6106ce56,TK-PB-Drahi_17-d2-HOM-UHI-ab9213e738-r2,2,DETERMINISTIC_RH,STATIC_DEMAND_SHARE,pv,static_share_residual,2,109.63393635830171,0.1988293630273096,112.49757431528035,-2.8636379569786357,21686.613767703995,0.23019539355219337,19226.81483635302,2459.798931350975,109.63393635830177,-5.684341886080802e-14,3,3,109.06711611027148,21581.81689914601,217.2801751742544,28108.306397827342,108.21305906398291,6526.489498681331,2.0663631391081623,12315.428606675436
oos_experiment,shared_battery_mode_node_level_v1,SI-Drahi_17-d2-HOM-UHI-BHI-9b6106ce56,TK-PB-Drahi_17-d2-HOM-UHI-ab9213e738-r2,2,DETERMINISTIC_RH,STATIC_DEMAND_SHARE,pv,static_share_residual,3,114.28468595447802,0.207263846094534,108.46829614492506,5.816389809552959,22609.092219456565,0.23998716153031985,18638.21213980459,3970.8800796519754,114.28468595447805,-2.842170943040401e-14,5,5,109.63393635830171,21686.613767703995,326.91411153255615,49794.92016553134,108.21305906398291,6526.489498681331,2.0663631391081623,12315.428606675436
oos_experiment,shared_battery_mode_node_level_v1,SI-Drahi_17-d2-HOM-UHI-BHI-9b6106ce56,TK-PB-Drahi_17-d2-HOM-UHI-ab9213e738-r2,2,DETERMINISTIC_RH,STATIC_DEMAND_SHARE,pv,static_share_residual,4,110.19831352842121,0.19985290333763175,111.29253812640744,-1.0942245979862264,21805.578141795937,0.23145815643468484,19015.689472704667,2789.8886690912695,110.19831352842127,-5.684341886080802e-14,4,4,110.19831352842121,21805.578141795937,437.11242506097733,71600.49830732727,108.21305906398291,6526.489498681331,2.0663631391081623,12315.428606675436
oos_experiment,shared_battery_mode_node_level_v1,SI-Drahi_17-d2-HOM-UHI-BHI-9b6106ce56,TK-PB-Drahi_17-d2-HOM-UHI-ab9213e738-r2,2,DETERMINISTIC_RH,STATIC_DEMAND_SHARE,pv,static_share_residual,5,109.06711611027148,0.19780139201203467,106.2055380564767,2.861578053794787,21581.81689914601,0.22908301350710455,18140.017616185116,3441.7992829608957,109.06711611027156,-7.105427357601002e-14,2,2,114.28468595447802,22609.092219456565,551.3971110154554,94209.59052678384,108.21305906398291,6526.489498681331,2.0663631391081623,12315.428606675436
oos_experiment,shared_battery_mode_node_level_v1,SI-Drahi_17-d2-HOM-UHI-BHI-9b6106ce56,TK-PB-Drahi_17-d2-HOM-UHI-ab9213e738-r2,2,MULTISTAGE_RH,LEXMMFPEA,pv,lexicographic_pv,1,103.45859279867243,0.1876299145059766,112.93316437236585,-9.474571573693424,20543.38741170257,0.21806046812040938,19188.856461736454,1354.5309499661162,108.21305906398297,-4.7544662653105405,1,3,103.45859279867243,11278.126950014353,103.45859279867243,11278.126950014353,103.45859279867243,11278.126950014353,6.820829404418689,7563.791155342413
oos_experiment,shared_battery_mode_node_level_v1,SI-Drahi_17-d2-HOM-UHI-BHI-9b6106ce56,TK-PB-Drahi_17-d2-HOM-UHI-ab9213e738-r2,2,MULTISTAGE_RH,LEXMMFPEA,pv,lexicographic_pv,2,109.89206744084491,0.1992975030980252,112.4975743152804,-2.6055068744354912,11278.126950014353,0.11971315114471255,19226.81483635302,-7948.687886338666,109.63393635830177,0.25813108254314443,4,1,108.86748456116554,16060.575667007593,212.32607735983797,27338.702617021947,103.45859279867243,11278.126950014353,6.820829404418689,7563.791155342413
oos_experiment,shared_battery_mode_node_level_v1,SI-Drahi_17-d2-HOM-UHI-BHI-9b6106ce56,TK-PB-Drahi_17-d2-HOM-UHI-ab9213e738-r2,2,MULTISTAGE_RH,LEXMMFPEA,pv,lexicographic_pv,3,119.35103709443938,0.21645205371976275,108.4682961449251,10.882740949514272,25432.747106841183,0.2699592150292877,18638.21213980459,6794.534967036594,114.28468595447805,5.066351139961327,5,5,109.82792912033341,20543.38741170257,322.1540064801714,47882.09002872452,103.45859279867243,11278.126950014353,6.820829404418689,7563.791155342413
oos_experiment,shared_battery_mode_node_level_v1,SI-Drahi_17-d2-HOM-UHI-BHI-9b6106ce56,TK-PB-Drahi_17-d2-HOM-UHI-ab9213e738-r2,2,MULTISTAGE_RH,LEXMMFPEA,pv,lexicographic_pv,4,109.82792912033341,0.1991811834452193,111.29253812640749,-1.4646090060740846,20894.75339121814,0.2217900881893521,19015.689472704667,1879.0639185134714,110.19831352842127,-0.3703844080878582,3,4,109.89206744084491,20894.75339121814,432.04607392101633,68776.84341994266,103.45859279867243,11278.126950014353,6.820829404418689,7563.791155342413
oos_experiment,shared_battery_mode_node_level_v1,SI-Drahi_17-d2-HOM-UHI-BHI-9b6106ce56,TK-PB-Drahi_17-d2-HOM-UHI-ab9213e738-r2,2,MULTISTAGE_RH,LEXMMFPEA,pv,lexicographic_pv,5,108.86748456116554,0.19743934523101625,106.20553805647675,2.6619465046887854,16060.575667007593,0.17047707751623825,18140.017616185116,-2079.4419491775225,109.06711611027156,-0.19963154910601588,2,2,119.35103709443938,25432.747106841183,551.3971110154557,94209.59052678384,103.45859279867243,11278.126950014353,6.820829404418689,7563.791155342413
oos_experiment,shared_battery_mode_node_level_v1,SI-Drahi_17-d2-HOM-UHI-BHI-9b6106ce56,TK-PB-Drahi_17-d2-HOM-UHI-ab9213e738-r2,2,MULTISTAGE_RH,LEXMMFSA,savings,lexicographic_savings,1,89.50567341764084,0.1623252491345244,112.93316437236585,-23.427490954725016,21617.180222931755,0.22945838212497022,19188.856461736465,2428.32376119529,108.21305906398297,-18.707385646342132,2,4,83.04956131491527,11494.536172833614,83.04956131491527,11494.536172833614,83.04956131491527,11494.536172833614,27.22986088817585,7347.381932523167
oos_experiment,shared_battery_mode_node_level_v1,SI-Drahi_17-d2-HOM-UHI-BHI-9b6106ce56,TK-PB-Drahi_17-d2-HOM-UHI-ab9213e738-r2,2,MULTISTAGE_RH,LEXMMFSA,savings,lexicographic_savings,2,94.81652159284225,0.1719568704635171,112.4975743152804,-17.681052722438153,21594.1810985732,0.2292142549163713,19226.81483635303,2367.36626222017,109.63393635830177,-14.817414765459517,3,3,89.50567341764084,16085.127123780141,172.5552347325561,27579.663296613755,83.04956131491527,11494.536172833614,27.22986088817585,7347.381932523167
oos_experiment,shared_battery_mode_node_level_v1,SI-Drahi_17-d2-HOM-UHI-BHI-9b6106ce56,TK-PB-Drahi_17-d2-HOM-UHI-ab9213e738-r2,2,MULTISTAGE_RH,LEXMMFSA,savings,lexicographic_savings,3,165.3810055355377,0.2999308524322357,108.4682961449251,56.91270939061259,11494.536172833614,0.12201025509781516,18638.212139804604,-7143.67596697099,114.28468595447805,51.096319581059646,5,1,94.81652159284225,21594.1810985732,267.37175632539834,49173.844395186956,83.04956131491527,11494.536172833614,27.22986088817585,7347.381932523167
oos_experiment,shared_battery_mode_node_level_v1,SI-Drahi_17-d2-HOM-UHI-BHI-9b6106ce56,TK-PB-Drahi_17-d2-HOM-UHI-ab9213e738-r2,2,MULTISTAGE_RH,LEXMMFSA,savings,lexicographic_savings,4,118.64434915451959,0.2151704221591288,111.29253812640749,7.351811028112095,23418.565908665187,0.24857942570090313,19015.68947270468,4402.876435960508,110.19831352842127,8.446035626098322,4,5,118.64434915451959,21617.180222931755,386.01610547991794,70791.02461811871,83.04956131491527,11494.536172833614,27.22986088817585,7347.381932523167
oos_experiment,shared_battery_mode_node_level_v1,SI-Drahi_17-d2-HOM-UHI-BHI-9b6106ce56,TK-PB-Drahi_17-d2-HOM-UHI-ab9213e738-r2,2,MULTISTAGE_RH,LEXMMFSA,savings,lexicographic_savings,5,83.04956131491527,0.15061660581059408,106.20553805647675,-23.15597674156149,16085.127123780141,0.1707376821599402,18140.017616185127,-2054.8904924049857,109.06711611027156,-26.01755479535629,1,2,165.3810055355377,23418.565908665187,551.3971110154557,94209.5905267839,83.04956131491527,11494.536172833614,27.22986088817585,7347.381932523167
oos_experiment,shared_battery_mode_node_level_v1,SI-Drahi_17-d2-HOM-UHI-BHI-9b6106ce56,TK-PB-Drahi_17-d2-HOM-UHI-ab9213e738-r2,2,MULTISTAGE_RH,NONE,none,descriptive_only,1,99.40304084514881,0.18027486698667625,112.93316437236585,-13.530123527217043,-7753.1156685792375,-0.08229645862195978,19188.856461736446,-26941.972130315684,108.21305906398297,-8.81001821883416,3,1,78.64591206338518,-7753.1156685792375,78.64591206338518,-7753.1156685792375,78.64591206338518,-7753.1156685792375,31.633510139705933,26595.033773936
oos_experiment,shared_battery_mode_node_level_v1,SI-Drahi_17-d2-HOM-UHI-BHI-9b6106ce56,TK-PB-Drahi_17-d2-HOM-UHI-ab9213e738-r2,2,MULTISTAGE_RH,NONE,none,descriptive_only,2,78.64591206338518,0.14263025774391616,112.4975743152804,-33.85166225189522,15652.559911970107,0.16614614100801214,19226.814836353013,-3574.2549243829053,109.63393635830177,-30.988024294916585,1,2,78.64591206338521,15652.559911970107,157.2918241267704,7899.44424339087,78.64591206338518,-7753.1156685792375,31.633510139705933,26595.033773936
oos_experiment,shared_battery_mode_node_level_v1,SI-Drahi_17-d2-HOM-UHI-BHI-9b6106ce56,TK-PB-Drahi_17-d2-HOM-UHI-ab9213e738-r2,2,MULTISTAGE_RH,NONE,none,descriptive_only,3,131.03211763169892,0.237636569024436,108.4682961449251,22.56382148677382,31279.183175009268,0.3320169740692864,18638.212139804586,12640.971035204682,114.28468595447805,16.747431677220874,4,4,99.40304084514881,22619.27991197011,256.69486497191923,30518.72415536098,78.64591206338518,-7753.1156685792375,31.633510139705933,26595.033773936
oos_experiment,shared_battery_mode_node_level_v1,SI-Drahi_17-d2-HOM-UHI-BHI-9b6106ce56,TK-PB-Drahi_17-d2-HOM-UHI-ab9213e738-r2,2,MULTISTAGE_RH,NONE,none,descriptive_only,4,163.67012841183754,0.2968280485010555,111.29253812640749,52.377590285430045,32411.683196413564,0.34403804342190525,19015.689472704664,13395.9937237089,110.19831352842127,53.47181488341627,5,5,131.03211763169892,31279.183175009268,387.7269826036182,61797.907330370246,78.64591206338518,-7753.1156685792375,31.633510139705933,26595.033773936
oos_experiment,shared_battery_mode_node_level_v1,SI-Drahi_17-d2-HOM-UHI-BHI-9b6106ce56,TK-PB-Drahi_17-d2-HOM-UHI-ab9213e738-r2,2,MULTISTAGE_RH,NONE,none,descriptive_only,5,78.64591206338521,0.14263025774391622,106.20553805647675,-27.559625993091544,22619.27991197011,0.24009530012275598,18140.01761618511,4479.262295785,109.06711611027156,-30.421204046886345,2,3,163.67012841183754,32411.683196413564,551.3971110154557,94209.59052678381,78.64591206338518,-7753.1156685792375,31.633510139705933,26595.033773936
oos_experiment,shared_battery_mode_node_level_v1,SI-Drahi_17-d2-HOM-UHI-BHI-9b6106ce56,TK-PB-Drahi_17-d2-HOM-UHI-ab9213e738-r2,2,MULTISTAGE_RH,PEA,pv,proportional_pv,1,110.79938727563861,0.20094299564172527,112.93316437236585,-2.1337770967272434,28870.61031910387,0.30645086299250957,19188.856461736457,9681.753857367414,108.21305906398297,2.5863282116556405,4,5,106.43803657824058,11199.61653799616,106.43803657824058,11199.61653799616,106.43803657824058,11199.61653799616,3.841385624850531,7642.301567360613
oos_experiment,shared_battery_mode_node_level_v1,SI-Drahi_17-d2-HOM-UHI-BHI-9b6106ce56,TK-PB-Drahi_17-d2-HOM-UHI-ab9213e738-r2,2,MULTISTAGE_RH,PEA,pv,proportional_pv,2,110.05346590803451,0.19959021131858945,112.4975743152804,-2.444108407245892,16950.050379852997,0.17991852299829372,19226.814836353024,-2276.7644565000264,109.63393635830177,0.4195295497327436,2,3,110.05346590803451,16153.140938088094,216.4915024862751,27352.757476084254,106.43803657824058,11199.61653799616,3.841385624850531,7642.301567360613
oos_experiment,shared_battery_mode_node_level_v1,SI-Drahi_17-d2-HOM-UHI-BHI-9b6106ce56,TK-PB-Drahi_17-d2-HOM-UHI-ab9213e738-r2,2,MULTISTAGE_RH,PEA,pv,proportional_pv,3,110.56231778574059,0.20051305234829483,108.4682961449251,2.094021640815484,16153.140938088094,0.17145962367276973,18638.212139804597,-2485.0712017165024,114.28468595447805,-3.722368168737461,3,2,110.56231778574059,16950.050379852997,327.0538202720157,44302.80785593725,106.43803657824058,11199.61653799616,3.841385624850531,7642.301567360613
oos_experiment,shared_battery_mode_node_level_v1,SI-Drahi_17-d2-HOM-UHI-BHI-9b6106ce56,TK-PB-Drahi_17-d2-HOM-UHI-ab9213e738-r2,2,MULTISTAGE_RH,PEA,pv,proportional_pv,4,113.54390346780137,0.2059203815172306,111.29253812640749,2.2513653413938783,11199.61653799616,0.11887979212490155,19015.68947270467,-7816.072934708511,110.19831352842127,3.3455899393801047,5,1,110.79938727563861,21036.172351742745,437.8532075476543,65338.98020768,106.43803657824058,11199.61653799616,3.841385624850531,7642.301567360613
oos_experiment,shared_battery_mode_node_level_v1,SI-Drahi_17-d2-HOM-UHI-BHI-9b6106ce56,TK-PB-Drahi_17-d2-HOM-UHI-ab9213e738-r2,2,MULTISTAGE_RH,PEA,pv,proportional_pv,5,106.43803657824058,0.19303335917415995,106.20553805647675,0.23249852176383,21036.172351742745,0.22329119821152543,18140.01761618512,2896.154735557626,109.06711611027156,-2.6290795320309712,1,4,113.54390346780137,28870.61031910387,551.3971110154556,94209.59052678387,106.43803657824058,11199.61653799616,3.841385624850531,7642.301567360613
oos_experiment,shared_battery_mode_node_level_v1,SI-Drahi_17-d2-HOM-UHI-BHI-9b6106ce56,TK-PB-Drahi_17-d2-HOM-UHI-ab9213e738-r2,2,MULTISTAGE_RH,SA,savings,proportional_savings,1,123.37732751611706,0.2237540332572737,112.93316437236602,10.444163143751041,11255.709461669321,0.11947519778752574,19188.85646173647,-7933.147000067147,108.21305906398297,15.164268452134095,4,1,79.61774439298243,11255.709461669321,79.61774439298243,11255.709461669321,79.61774439298243,11255.709461669321,30.661677810108856,7586.208643687463
oos_experiment,shared_battery_mode_node_level_v1,SI-Drahi_17-d2-HOM-UHI-BHI-9b6106ce56,TK-PB-Drahi_17-d2-HOM-UHI-ab9213e738-r2,2,MULTISTAGE_RH,SA,savings,proportional_savings,2,79.61774439298243,0.14439274853355305,112.49757431528056,-32.87982992229813,22538.80391913271,0.2392410771886849,19226.814836353034,3311.989082779677,109.63393635830177,-30.016191965319337,1,5,104.19201142867335,19348.10997732627,183.80975582165578,30603.81943899559,79.61774439298243,11255.709461669321,30.661677810108856,7586.208643687463
oos_experiment,shared_battery_mode_node_level_v1,SI-Drahi_17-d2-HOM-UHI-BHI-9b6106ce56,TK-PB-Drahi_17-d2-HOM-UHI-ab9213e738-r2,2,MULTISTAGE_RH,SA,savings,proportional_savings,3,112.17519229917168,0.20343812119833043,108.46829614492528,3.706896154246408,19771.329987892444,0.2098653637845016,18638.212139804607,1133.117848087837,114.28468595447805,-2.109493655306366,3,3,112.17519229917168,19771.329987892444,295.9849481208275,50375.149426888034,79.61774439298243,11255.709461669321,30.661677810108856,7586.208643687463
oos_experiment,shared_battery_mode_node_level_v1,SI-Drahi_17-d2-HOM-UHI-BHI-9b6106ce56,TK-PB-Drahi_17-d2-HOM-UHI-ab9213e738-r2,2,MULTISTAGE_RH,SA,savings,proportional_savings,4,104.19201142867335,0.18896002417711744,111.29253812640765,-7.100526697734296,21295.63718076318,0.22604532151860696,19015.689472704686,2279.9477080584948,110.19831352842127,-6.006302099747913,2,4,123.37732751611706,21295.63718076318,419.36227563694456,71670.78660765121,79.61774439298243,11255.709461669321,30.661677810108856,7586.208643687463
oos_experiment,shared_battery_mode_node_level_v1,SI-Drahi_17-d2-HOM-UHI-BHI-9b6106ce56,TK-PB-Drahi_17-d2-HOM-UHI-ab9213e738-r2,2,MULTISTAGE_RH,SA,savings,proportional_savings,5,132.03483537851184,0.23945507283372533,106.20553805647691,25.829297322034932,19348.10997732627,0.2053730397206808,18140.01761618513,1208.092361141138,109.06711611027156,22.967719268240288,5,2,132.03483537851184,22538.80391913271,551.3971110154564,94209.59052678393,79.61774439298243,11255.709461669321,30.661677810108856,7586.208643687463
oos_experiment,shared_battery_mode_node_level_v1,SI-Drahi_17-d2-HOM-UHI-BHI-9b6106ce56,TK-PB-Drahi_17-d2-HOM-UHI-ab9213e738-r2,2,MULTISTAGE_RH,STATIC_DEMAND_SHARE,pv,static_share_residual,1,108.21305906398297,0.19625249552848992,112.93316437236585,-4.720105308382884,926.0078986815934,0.009829231753409736,19188.856461736465,-18262.84856305487,108.21305906398297,0.0,1,1,108.21305906398297,926.0078986815934,108.21305906398297,926.0078986815934,108.21305906398297,926.0078986815934,2.066363139108148,17915.910206675188
oos_experiment,shared_battery_mode_node_level_v1,SI-Drahi_17-d2-HOM-UHI-BHI-9b6106ce56,TK-PB-Drahi_17-d2-HOM-UHI-ab9213e738-r2,2,MULTISTAGE_RH,STATIC_DEMAND_SHARE,pv,static_share_residual,2,109.63393635830177,0.1988293630273096,112.4975743152804,-2.8636379569786357,21686.613767704082,0.23019539355219418,19226.81483635303,2459.7989313510516,109.63393635830177,0.0,3,3,109.06711611027156,21581.81689914569,217.2801751742545,22507.824797827285,108.21305906398297,926.0078986815934,2.066363139108148,17915.910206675188
oos_experiment,shared_battery_mode_node_level_v1,SI-Drahi_17-d2-HOM-UHI-BHI-9b6106ce56,TK-PB-Drahi_17-d2-HOM-UHI-ab9213e738-r2,2,MULTISTAGE_RH,STATIC_DEMAND_SHARE,pv,static_share_residual,3,114.28468595447805,0.20726384609453397,108.4682961449251,5.816389809552945,28209.57381945668,0.2994342047526113,18638.212139804604,9571.361679652076,114.28468595447805,0.0,5,5,109.63393635830177,21686.613767704082,326.91411153255626,44194.43856553137,108.21305906398297,926.0078986815934,2.066363139108148,17915.910206675188
oos_experiment,shared_battery_mode_node_level_v1,SI-Drahi_17-d2-HOM-UHI-BHI-9b6106ce56,TK-PB-Drahi_17-d2-HOM-UHI-ab9213e738-r2,2,MULTISTAGE_RH,STATIC_DEMAND_SHARE,pv,static_share_residual,4,110.19831352842127,0.19985290333763178,111.29253812640749,-1.0942245979862264,21805.57814179585,0.23145815643468376,19015.68947270468,2789.8886690911713,110.19831352842127,0.0,4,4,110.19831352842127,21805.57814179585,437.11242506097756,66000.01670732722,108.21305906398297,926.0078986815934,2.066363139108148,17915.910206675188
oos_experiment,shared_battery_mode_node_level_v1,SI-Drahi_17-d2-HOM-UHI-BHI-9b6106ce56,TK-PB-Drahi_17-d2-HOM-UHI-ab9213e738-r2,2,MULTISTAGE_RH,STATIC_DEMAND_SHARE,pv,static_share_residual,5,109.06711611027156,0.1978013920120347,106.20553805647675,2.8615780537948012,21581.81689914569,0.22908301350710103,18140.017616185127,3441.7992829605646,109.06711611027156,0.0,2,2,114.28468595447805,28209.57381945668,551.3971110154556,94209.5905267839,108.21305906398297,926.0078986815934,2.066363139108148,17915.910206675188
oos_experiment,shared_battery_mode_node_level_v1,SI-Drahi_17-d2-HOM-UHI-BHI-9b6106ce56,TK-PB-Drahi_17-d2-HOM-UHI-ab9213e738-r2,2,TWO_STAGE_RH,LEXMMFPEA,pv,lexicographic_pv,1,110.35881302264582,0.20014398120332638,112.93316437236585,-2.5743513497200325,21077.82592224385,0.22373333547449623,19188.856461736454,1888.9694605073964,108.21305906398297,2.1457539586628513,4,4,105.19316282855813,10708.20942996288,105.19316282855813,10708.20942996288,105.19316282855813,10708.20942996288,5.086259374532986,8133.708675393886
oos_experiment,shared_battery_mode_node_level_v1,SI-Drahi_17-d2-HOM-UHI-BHI-9b6106ce56,TK-PB-Drahi_17-d2-HOM-UHI-ab9213e738-r2,2,TWO_STAGE_RH,LEXMMFPEA,pv,lexicographic_pv,2,119.01756176760436,0.2158472712133385,112.4975743152804,6.51998745232396,18400.29578516874,0.19531234221782892,19226.81483635302,-826.5190511842811,109.63393635830177,9.383625409302596,5,3,107.61087936315387,15405.858556349121,212.804042191712,26114.067986312002,105.19316282855813,10708.20942996288,5.086259374532986,8133.708675393886
oos_experiment,shared_battery_mode_node_level_v1,SI-Drahi_17-d2-HOM-UHI-BHI-9b6106ce56,TK-PB-Drahi_17-d2-HOM-UHI-ab9213e738-r2,2,TWO_STAGE_RH,LEXMMFPEA,pv,lexicographic_pv,3,109.21669403349345,0.19807266278990737,108.4682961449251,0.7483978885683484,28617.400833059248,0.30376313784023196,18638.21213980459,9979.188693254659,114.28468595447805,-5.067991920984596,3,5,109.21669403349345,18400.29578516874,322.02073622520544,44514.36377148074,105.19316282855813,10708.20942996288,5.086259374532986,8133.708675393886
oos_experiment,shared_battery_mode_node_level_v1,SI-Drahi_17-d2-HOM-UHI-BHI-9b6106ce56,TK-PB-Drahi_17-d2-HOM-UHI-ab9213e738-r2,2,TWO_STAGE_RH,LEXMMFPEA,pv,lexicographic_pv,4,107.61087936315387,0.19516039749460629,111.29253812640749,-3.6816587632536226,15405.858556349121,0.16352749725591076,19015.689472704667,-3609.830916355546,110.19831352842127,-2.5874341652673962,2,2,110.35881302264582,21077.82592224385,432.3795492478513,65592.18969372459,105.19316282855813,10708.20942996288,5.086259374532986,8133.708675393886
oos_experiment,shared_battery_mode_node_level_v1,SI-Drahi_17-d2-HOM-UHI-BHI-9b6106ce56,TK-PB-Drahi_17-d2-HOM-UHI-ab9213e738-r2,2,TWO_STAGE_RH,LEXMMFPEA,pv,lexicographic_pv,5,105.19316282855813,0.19077568729882152,106.20553805647675,-1.0123752279186249,10708.20942996288,0.11366368721153215,18140.017616185116,-7431.808186222235,109.06711611027156,-3.873953281713426,1,1,119.01756176760436,28617.400833059248,551.3971110154557,94209.59052678384,105.19316282855813,10708.20942996288,5.086259374532986,8133.708675393886
oos_experiment,shared_battery_mode_node_level_v1,SI-Drahi_17-d2-HOM-UHI-BHI-9b6106ce56,TK-PB-Drahi_17-d2-HOM-UHI-ab9213e738-r2,2,TWO_STAGE_RH,LEXMMFSA,savings,lexicographic_savings,1,96.04137934611465,0.17417824182873276,112.93316437236588,-16.891785026251227,18186.685850658105,0.19304495167599325,19188.856461736457,-1002.1706110783525,108.21305906398297,-12.171679717868315,2,2,95.18845580530406,17972.675909785554,95.18845580530406,17972.675909785554,95.18845580530406,17972.675909785554,15.090966397787085,869.2421955712198
oos_experiment,shared_battery_mode_node_level_v1,SI-Drahi_17-d2-HOM-UHI-BHI-9b6106ce56,TK-PB-Drahi_17-d2-HOM-UHI-ab9213e738-r2,2,TWO_STAGE_RH,LEXMMFSA,savings,lexicographic_savings,2,125.940571782118,0.2284026689044221,112.49757431528043,13.442997466837568,18235.73426521747,0.19356558247679714,19226.814836353024,-991.0805711355533,109.63393635830177,16.306635423816232,5,3,96.04137934611465,18186.685850658105,191.2298351514187,36159.36176044366,95.18845580530406,17972.675909785554,15.090966397787085,869.2421955712198
oos_experiment,shared_battery_mode_node_level_v1,SI-Drahi_17-d2-HOM-UHI-BHI-9b6106ce56,TK-PB-Drahi_17-d2-HOM-UHI-ab9213e738-r2,2,TWO_STAGE_RH,LEXMMFSA,savings,lexicographic_savings,3,95.18845580530406,0.17263140104235314,108.46829614492513,-13.279840339621074,20598.33995911767,0.21864376911033856,18638.212139804597,1960.1278193130747,114.28468595447805,-19.09623014917399,1,5,115.34422758222055,18235.73426521747,306.57406273363927,54395.09602566113,95.18845580530406,17972.675909785554,15.090966397787085,869.2421955712198
oos_experiment,shared_battery_mode_node_level_v1,SI-Drahi_17-d2-HOM-UHI-BHI-9b6106ce56,TK-PB-Drahi_17-d2-HOM-UHI-ab9213e738-r2,2,TWO_STAGE_RH,LEXMMFSA,savings,lexicographic_savings,4,118.88247649969843,0.21560228395242015,111.2925381264075,7.58993837329092,17972.675909785554,0.19077331521439855,19015.68947270467,-1043.0135629191172,110.19831352842127,8.68416297127716,4,1,118.88247649969843,19216.154542005068,425.4565392333377,73611.2505676662,95.18845580530406,17972.675909785554,15.090966397787085,869.2421955712198
oos_experiment,shared_battery_mode_node_level_v1,SI-Drahi_17-d2-HOM-UHI-BHI-9b6106ce56,TK-PB-Drahi_17-d2-HOM-UHI-ab9213e738-r2,2,TWO_STAGE_RH,LEXMMFSA,savings,lexicographic_savings,5,115.34422758222055,0.2091854042720718,106.20553805647677,9.138689525743786,19216.154542005068,0.2039723815224725,18140.01761618512,1076.1369258199484,109.06711611027156,6.277111471948999,3,4,125.940571782118,20598.33995911767,551.3971110154557,94209.59052678387,95.18845580530406,17972.675909785554,15.090966397787085,869.2421955712198
oos_experiment,shared_battery_mode_node_level_v1,SI-Drahi_17-d2-HOM-UHI-BHI-9b6106ce56,TK-PB-Drahi_17-d2-HOM-UHI-ab9213e738-r2,2,TWO_STAGE_RH,NONE,none,descriptive_only,1,98.70385091123123,0.1790068336220655,112.93316437236585,-14.229313461134623,3254.4159753429994,0.03454442331343927,19188.856461736454,-15934.440486393454,108.21305906398297,-9.50920815275174,3,1,78.64591206338518,3254.4159753429994,78.64591206338518,3254.4159753429994,78.64591206338518,3254.4159753429994,31.633510139705933,15587.502130013767
oos_experiment,shared_battery_mode_node_level_v1,SI-Drahi_17-d2-HOM-UHI-BHI-9b6106ce56,TK-PB-Drahi_17-d2-HOM-UHI-ab9213e738-r2,2,TWO_STAGE_RH,NONE,none,descriptive_only,2,82.07772898531802,0.148854115020957,112.4975743152804,-30.419845329962385,16415.8303135772,0.17424797434938613,19226.81483635302,-2810.9845227758196,109.63393635830177,-27.55620737298375,2,3,82.07772898531802,15652.559911970107,160.7236410487032,18906.975887313107,78.64591206338518,3254.4159753429994,31.633510139705933,15587.502130013767
oos_experiment,shared_battery_mode_node_level_v1,SI-Drahi_17-d2-HOM-UHI-BHI-9b6106ce56,TK-PB-Drahi_17-d2-HOM-UHI-ab9213e738-r2,2,TWO_STAGE_RH,NONE,none,descriptive_only,3,78.64591206338518,0.14263025774391616,108.4682961449251,-29.822384081539923,15652.559911970107,0.1661461410080121,18638.21213980459,-2985.652227834482,114.28468595447805,-35.63877389109287,1,2,98.70385091123123,16415.8303135772,259.42749195993446,35322.80620089031,78.64591206338518,3254.4159753429994,31.633510139705933,15587.502130013767
oos_experiment,shared_battery_mode_node_level_v1,SI-Drahi_17-d2-HOM-UHI-BHI-9b6106ce56,TK-PB-Drahi_17-d2-HOM-UHI-ab9213e738-r2,2,TWO_STAGE_RH,NONE,none,descriptive_only,4,129.82017685230798,0.2354386235597617,111.29253812640749,18.527638725900488,26797.081988061924,0.284441125773108,19015.689472704667,7781.392515357256,110.19831352842127,19.621863323886714,4,4,129.82017685230798,26797.081988061924,389.24766881224247,62119.88818895223,78.64591206338518,3254.4159753429994,31.633510139705933,15587.502130013767
oos_experiment,shared_battery_mode_node_level_v1,SI-Drahi_17-d2-HOM-UHI-BHI-9b6106ce56,TK-PB-Drahi_17-d2-HOM-UHI-ab9213e738-r2,2,TWO_STAGE_RH,NONE,none,descriptive_only,5,162.14944220321323,0.2940701700532997,106.20553805647675,55.94390414673647,32089.702337831608,0.34062033555605453,18140.017616185116,13949.684721646492,109.06711611027156,53.08232609294167,5,5,162.14944220321323,32089.702337831608,551.3971110154556,94209.59052678384,78.64591206338518,3254.4159753429994,31.633510139705933,15587.502130013767
oos_experiment,shared_battery_mode_node_level_v1,SI-Drahi_17-d2-HOM-UHI-BHI-9b6106ce56,TK-PB-Drahi_17-d2-HOM-UHI-ab9213e738-r2,2,TWO_STAGE_RH,PEA,pv,proportional_pv,1,109.55954104612344,0.19869444155113192,112.93316437236585,-3.3736233262424093,16353.786920757615,0.17358940665502864,19188.856461736454,-2835.0695409788386,108.21305906398297,1.3464819821404745,2,2,107.98084256226262,15538.360706967389,107.98084256226262,15538.360706967389,107.98084256226262,15538.360706967389,2.2985796408284926,3303.5573983893773
oos_experiment,shared_battery_mode_node_level_v1,SI-Drahi_17-d2-HOM-UHI-BHI-9b6106ce56,TK-PB-Drahi_17-d2-HOM-UHI-ab9213e738-r2,2,TWO_STAGE_RH,PEA,pv,proportional_pv,2,112.87471760334712,0.20470676278204739,112.4975743152804,0.37714328806671915,16794.71161551727,0.1782696594009983,19226.81483635302,-2432.10322083575,109.63393635830177,3.240781245045355,5,4,109.55954104612344,16353.786920757615,217.54038360838607,31892.147627725004,107.98084256226262,15538.360706967389,2.2985796408284926,3303.5573983893773
oos_experiment,shared_battery_mode_node_level_v1,SI-Drahi_17-d2-HOM-UHI-BHI-9b6106ce56,TK-PB-Drahi_17-d2-HOM-UHI-ab9213e738-r2,2,TWO_STAGE_RH,PEA,pv,proportional_pv,3,110.12701757118353,0.1997236027740027,108.4682961449251,1.658721426258424,16554.71957942957,0.1757222325971479,18638.21213980459,-2083.49256037502,114.28468595447805,-4.157668383294521,3,3,110.12701757118353,16554.71957942957,327.6674011795696,48446.86720715457,107.98084256226262,15538.360706967389,2.2985796408284926,3303.5573983893773
oos_experiment,shared_battery_mode_node_level_v1,SI-Drahi_17-d2-HOM-UHI-BHI-9b6106ce56,TK-PB-Drahi_17-d2-HOM-UHI-ab9213e738-r2,2,TWO_STAGE_RH,PEA,pv,proportional_pv,4,110.85499223253892,0.20104383939986162,111.29253812640749,-0.4375458938685739,28968.011704111996,0.30748474271179826,19015.689472704667,9952.322231407328,110.19831352842127,0.6566787041176525,4,5,110.85499223253892,16794.71161551727,438.5223934121085,65241.57882267184,107.98084256226262,15538.360706967389,2.2985796408284926,3303.5573983893773
oos_experiment,shared_battery_mode_node_level_v1,SI-Drahi_17-d2-HOM-UHI-BHI-9b6106ce56,TK-PB-Drahi_17-d2-HOM-UHI-ab9213e738-r2,2,TWO_STAGE_RH,PEA,pv,proportional_pv,5,107.98084256226262,0.1958313534929564,106.20553805647675,1.7753045057858685,15538.360706967389,0.1649339586350269,18140.017616185116,-2601.656909217727,109.06711611027156,-1.0862735480089327,1,1,112.87471760334712,28968.011704111996,551.3971110154556,94209.59052678384,107.98084256226262,15538.360706967389,2.2985796408284926,3303.5573983893773
oos_experiment,shared_battery_mode_node_level_v1,SI-Drahi_17-d2-HOM-UHI-BHI-9b6106ce56,TK-PB-Drahi_17-d2-HOM-UHI-ab9213e738-r2,2,TWO_STAGE_RH,SA,savings,proportional_savings,1,110.8552898254375,0.20104437910689438,112.93316437236575,-2.077874546928257,12117.066381870565,0.1286181832880982,19188.856461736454,-7071.790079865888,108.21305906398297,2.6422307614545275,3,1,100.85431164136484,12117.066381870565,100.85431164136484,12117.066381870565,100.85431164136484,12117.066381870565,9.425110561726186,6724.851723486201
oos_experiment,shared_battery_mode_node_level_v1,SI-Drahi_17-d2-HOM-UHI-BHI-9b6106ce56,TK-PB-Drahi_17-d2-HOM-UHI-ab9213e738-r2,2,TWO_STAGE_RH,SA,savings,proportional_savings,2,111.00037351071451,0.2013074992473134,112.4975743152803,-1.497200804565793,20429.09096702616,0.21684725358421084,19226.81483635302,1202.2761306731409,109.63393635830177,1.3664371524127432,4,3,104.0918015361,17708.932446497667,204.94611317746484,29825.998828368232,100.85431164136484,12117.066381870565,9.425110561726186,6724.851723486201
oos_experiment,shared_battery_mode_node_level_v1,SI-Drahi_17-d2-HOM-UHI-BHI-9b6106ce56,TK-PB-Drahi_17-d2-HOM-UHI-ab9213e738-r2,2,TWO_STAGE_RH,SA,savings,proportional_savings,3,100.85431164136484,0.18290685537983892,108.46829614492502,-7.613984503560175,21896.31593373898,0.23242130457528998,18638.21213980459,3258.1037939343914,114.28468595447805,-13.430374313113205,1,4,110.8552898254375,20429.09096702616,315.80140300290236,50255.08979539439,100.85431164136484,12117.066381870565,9.425110561726186,6724.851723486201
oos_experiment,shared_battery_mode_node_level_v1,SI-Drahi_17-d2-HOM-UHI-BHI-9b6106ce56,TK-PB-Drahi_17-d2-HOM-UHI-ab9213e738-r2,2,TWO_STAGE_RH,SA,savings,proportional_savings,4,104.0918015361,0.18877828602403104,111.2925381264074,-7.2007365903074,22058.184797650465,0.23413948276719568,19015.689472704667,3042.4953249457976,110.19831352842127,-6.106511992321273,2,5,111.00037351071451,21896.31593373898,426.80177651361686,72151.40572913337,100.85431164136484,12117.066381870565,9.425110561726186,6724.851723486201
oos_experiment,shared_battery_mode_node_level_v1,SI-Drahi_17-d2-HOM-UHI-BHI-9b6106ce56,TK-PB-Drahi_17-d2-HOM-UHI-ab9213e738-r2,2,TWO_STAGE_RH,SA,savings,proportional_savings,5,124.59533450183834,0.22596298024192232,106.20553805647666,18.389796445361682,17708.932446497667,0.1879737757852053,18140.017616185116,-431.0851696874488,109.06711611027156,15.528218391566782,5,2,124.59533450183834,22058.184797650465,551.3971110154552,94209.59052678384,100.85431164136484,12117.066381870565,9.425110561726186,6724.851723486201
oos_experiment,shared_battery_mode_node_level_v1,SI-Drahi_17-d2-HOM-UHI-BHI-9b6106ce56,TK-PB-Drahi_17-d2-HOM-UHI-ab9213e738-r2,2,TWO_STAGE_RH,STATIC_DEMAND_SHARE,pv,static_share_residual,1,108.21305906398297,0.19625249552848992,112.93316437236585,-4.720105308382884,12331.447898681596,0.13089376389101018,19188.856461736457,-6857.408563054862,108.21305906398297,0.0,1,1,108.21305906398297,12331.447898681596,108.21305906398297,12331.447898681596,108.21305906398297,12331.447898681596,2.066363139108148,6510.470206675178
oos_experiment,shared_battery_mode_node_level_v1,SI-Drahi_17-d2-HOM-UHI-BHI-9b6106ce56,TK-PB-Drahi_17-d2-HOM-UHI-ab9213e738-r2,2,TWO_STAGE_RH,STATIC_DEMAND_SHARE,pv,static_share_residual,2,109.63393635830177,0.1988293630273096,112.4975743152804,-2.8636379569786357,21504.37536770408,0.2282610002597386,19226.814836353024,2277.560531351057,109.63393635830177,0.0,3,3,109.06711611027156,16986.37221945665,217.2801751742545,29317.820118138246,108.21305906398297,12331.447898681596,2.066363139108148,6510.470206675178
oos_experiment,shared_battery_mode_node_level_v1,SI-Drahi_17-d2-HOM-UHI-BHI-9b6106ce56,TK-PB-Drahi_17-d2-HOM-UHI-ab9213e738-r2,2,TWO_STAGE_RH,STATIC_DEMAND_SHARE,pv,static_share_residual,3,114.28468595447805,0.20726384609453397,108.4682961449251,5.816389809552945,16986.37221945665,0.18030406590746628,18638.212139804597,-1651.8399203479457,114.28468595447805,0.0,5,2,109.63393635830177,21504.37536770408,326.91411153255626,50822.19548584233,108.21305906398297,12331.447898681596,2.066363139108148,6510.470206675178
oos_experiment,shared_battery_mode_node_level_v1,SI-Drahi_17-d2-HOM-UHI-BHI-9b6106ce56,TK-PB-Drahi_17-d2-HOM-UHI-ab9213e738-r2,2,TWO_STAGE_RH,STATIC_DEMAND_SHARE,pv,static_share_residual,4,110.19831352842127,0.19985290333763178,111.29253812640749,-1.0942245979862264,21805.57814179585,0.23145815643468384,19015.68947270467,2789.8886690911786,110.19831352842127,0.0,4,5,110.19831352842127,21581.81689914569,437.11242506097756,72404.01238498802,108.21305906398297,12331.447898681596,2.066363139108148,6510.470206675178
oos_experiment,shared_battery_mode_node_level_v1,SI-Drahi_17-d2-HOM-UHI-BHI-9b6106ce56,TK-PB-Drahi_17-d2-HOM-UHI-ab9213e738-r2,2,TWO_STAGE_RH,STATIC_DEMAND_SHARE,pv,static_share_residual,5,109.06711611027156,0.1978013920120347,106.20553805647675,2.8615780537948012,21581.81689914569,0.22908301350710109,18140.01761618512,3441.799282960572,109.06711611027156,0.0,2,4,114.28468595447805,21805.57814179585,551.3971110154556,94209.59052678387,108.21305906398297,12331.447898681596,2.066363139108148,6510.470206675178
oos_experiment,shared_battery_mode_node_level_v1,SI-Drahi_17-d2-HOM-UHI-BLO-e181d0fa1c,TK-PB-Drahi_17-d2-HOM-UHI-ab9213e738-r2,2,DETERMINISTIC_RH,LEXMMFPEA,pv,lexicographic_pv,1,116.8051727614335,0.21183493788410415,112.93316437236582,3.8720083890676733,22119.946891140193,0.2099116995823884,21463.54300870562,656.4038824345735,108.21305906398297,8.592113697450529,5,4,102.36275553642353,18686.92837424393,102.36275553642353,18686.92837424393,102.36275553642353,18686.92837424393,7.916666666667567,2388.5494911128008
oos_experiment,shared_battery_mode_node_level_v1,SI-Drahi_17-d2-HOM-UHI-BLO-e181d0fa1c,TK-PB-Drahi_17-d2-HOM-UHI-ab9213e738-r2,2,DETERMINISTIC_RH,LEXMMFPEA,pv,lexicographic_pv,2,109.94608886975581,0.199395475009433,112.49757431528037,-2.5514854455245626,23196.990521704225,0.22013252245003448,21506.001047189977,1690.9894745142483,109.63393635830177,0.31215251145404466,3,5,108.63422368047104,20302.11928837147,210.99697921689457,38989.0476626154,102.36275553642353,18686.92837424393,7.916666666667567,2388.5494911128008
oos_experiment,shared_battery_mode_node_level_v1,SI-Drahi_17-d2-HOM-UHI-BLO-e181d0fa1c,TK-PB-Drahi_17-d2-HOM-UHI-ab9213e738-r2,2,DETERMINISTIC_RH,LEXMMFPEA,pv,lexicographic_pv,3,108.63422368047104,0.1970163091359143,108.46829614492509,0.16592753554594708,18686.92837424393,0.1773333776214011,20847.62417530086,-2160.6958010569324,114.28468595447805,-5.650462274007012,2,1,109.94608886975581,21071.40425132384,320.9430680866504,60060.451913939236,102.36275553642353,18686.92837424393,7.916666666667567,2388.5494911128008
oos_experiment,shared_battery_mode_node_level_v1,SI-Drahi_17-d2-HOM-UHI-BLO-e181d0fa1c,TK-PB-Drahi_17-d2-HOM-UHI-ab9213e738-r2,2,DETERMINISTIC_RH,LEXMMFPEA,pv,lexicographic_pv,4,113.64887016737156,0.20611074649643207,111.29253812640746,2.356332040964091,21071.40425132384,0.19996134261762494,21269.848448314115,-198.4441969902764,110.19831352842127,3.450556638950289,4,3,113.64887016737156,22119.946891140193,434.59193825402195,82180.39880507943,102.36275553642353,18686.92837424393,7.916666666667567,2388.5494911128008
oos_experiment,shared_battery_mode_node_level_v1,SI-Drahi_17-d2-HOM-UHI-BLO-e181d0fa1c,TK-PB-Drahi_17-d2-HOM-UHI-ab9213e738-r2,2,DETERMINISTIC_RH,LEXMMFPEA,pv,lexicographic_pv,5,102.36275553642353,0.18564253147411636,106.20553805647673,-3.8427825200531913,20302.11928837147,0.19266105772855108,20290.372647273092,11.74664109837613,109.06711611027156,-6.704360573848021,1,2,116.8051727614335,23196.990521704225,551.3971110154554,105377.38932678365,102.36275553642353,18686.92837424393,7.916666666667567,2388.5494911128008
oos_experiment,shared_battery_mode_node_level_v1,SI-Drahi_17-d2-HOM-UHI-BLO-e181d0fa1c,TK-PB-Drahi_17-d2-HOM-UHI-ab9213e738-r2,2,DETERMINISTIC_RH,LEXMMFSA,savings,lexicographic_savings,1,109.87144809448796,0.19926010836753966,112.93316437236582,-3.0617162778778635,20329.49862344528,0.1929208794535788,21463.54300870563,-1134.0443852603494,108.21305906398297,1.658389030504992,2,2,94.05233374052854,19103.252048182447,94.05233374052854,19103.252048182447,94.05233374052854,19103.252048182447,16.227088462562563,1972.2258171742942
oos_experiment,shared_battery_mode_node_level_v1,SI-Drahi_17-d2-HOM-UHI-BLO-e181d0fa1c,TK-PB-Drahi_17-d2-HOM-UHI-ab9213e738-r2,2,DETERMINISTIC_RH,LEXMMFSA,savings,lexicographic_savings,2,116.87316998361354,0.21195825594439435,112.49757431528037,4.375595668333162,23249.092048181745,0.2206269503990505,21506.001047189988,1743.091000991757,109.63393635830177,7.239233625311769,4,5,109.87144809448796,20329.49862344528,203.92378183501648,39432.75067162773,94.05233374052854,19103.252048182447,16.227088462562563,1972.2258171742942
oos_experiment,shared_battery_mode_node_level_v1,SI-Drahi_17-d2-HOM-UHI-BLO-e181d0fa1c,TK-PB-Drahi_17-d2-HOM-UHI-ab9213e738-r2,2,DETERMINISTIC_RH,LEXMMFSA,savings,lexicographic_savings,3,112.76293377145232,0.20450403442228338,108.46829614492509,4.2946376265272335,20748.934558791865,0.19690120139955034,20847.624175300873,-98.68961650900746,114.28468595447805,-1.5217521830257255,3,3,112.76293377145232,20748.934558791865,316.6867156064688,60181.68523041959,94.05233374052854,19103.252048182447,16.227088462562563,1972.2258171742942
oos_experiment,shared_battery_mode_node_level_v1,SI-Drahi_17-d2-HOM-UHI-BLO-e181d0fa1c,TK-PB-Drahi_17-d2-HOM-UHI-ab9213e738-r2,2,DETERMINISTIC_RH,LEXMMFSA,savings,lexicographic_savings,4,94.05233374052854,0.17057095850089116,111.29253812640746,-17.240204385878926,19103.252048182447,0.181284165134721,21269.848448314122,-2166.596400131675,110.19831352842127,-16.145979787892728,1,1,116.87316998361354,21946.612048182375,433.55988559008233,82128.29727860197,94.05233374052854,19103.252048182447,16.227088462562563,1972.2258171742942
oos_experiment,shared_battery_mode_node_level_v1,SI-Drahi_17-d2-HOM-UHI-BLO-e181d0fa1c,TK-PB-Drahi_17-d2-HOM-UHI-ab9213e738-r2,2,DETERMINISTIC_RH,LEXMMFSA,savings,lexicographic_savings,5,117.83722542537319,0.21370664276489154,106.20553805647673,11.631687368896465,21946.612048182375,0.20826680361309935,20290.3726472731,1656.239400909275,109.06711611027156,8.770109315101635,5,4,117.83722542537319,23249.092048181745,551.3971110154555,105377.38932678371,94.05233374052854,19103.252048182447,16.227088462562563,1972.2258171742942
oos_experiment,shared_battery_mode_node_level_v1,SI-Drahi_17-d2-HOM-UHI-BLO-e181d0fa1c,TK-PB-Drahi_17-d2-HOM-UHI-ab9213e738-r2,2,DETERMINISTIC_RH,NONE,none,descriptive_only,1,83.50507371137154,0.1514427116921019,112.93316437236582,-29.428090660994286,13465.13054188725,0.12778007339060926,21463.543008705667,-7998.412466818416,108.21305906398297,-24.70798535261143,3,1,78.64591206338396,13465.13054188725,78.64591206338396,13465.13054188725,78.64591206338396,13465.13054188725,31.63351013970714,7610.347323469527
oos_experiment,shared_battery_mode_node_level_v1,SI-Drahi_17-d2-HOM-UHI-BLO-e181d0fa1c,TK-PB-Drahi_17-d2-HOM-UHI-ab9213e738-r2,2,DETERMINISTIC_RH,NONE,none,descriptive_only,2,91.11206227523073,0.16523855576145172,112.49757431528037,-21.385512040049647,18109.762780226883,0.1718562482513875,21506.001047190024,-3396.2382669631406,109.63393635830177,-18.52187408307104,4,4,78.64591206338534,15652.559911969991,157.2918241267693,29117.69045385724,78.64591206338396,13465.13054188725,31.63351013970714,7610.347323469527
oos_experiment,shared_battery_mode_node_level_v1,SI-Drahi_17-d2-HOM-UHI-BLO-e181d0fa1c,TK-PB-Drahi_17-d2-HOM-UHI-ab9213e738-r2,2,DETERMINISTIC_RH,NONE,none,descriptive_only,3,78.64591206338534,0.14263025774391647,108.46829614492509,-29.822384081539752,15652.559911969991,0.14853812579689296,20847.62417530091,-5195.064263330918,114.28468595447805,-35.63877389109271,2,2,83.50507371137154,15652.559911970427,240.7968978381408,44770.25036582767,78.64591206338396,13465.13054188725,31.63351013970714,7610.347323469527
oos_experiment,shared_battery_mode_node_level_v1,SI-Drahi_17-d2-HOM-UHI-BLO-e181d0fa1c,TK-PB-Drahi_17-d2-HOM-UHI-ab9213e738-r2,2,DETERMINISTIC_RH,NONE,none,descriptive_only,4,219.48815090208387,0.3980582170586158,111.29253812640746,108.19561277567641,42497.376180729334,0.40328742676421314,21269.84844831416,21227.527732415176,110.19831352842127,109.2898373736626,5,5,91.11206227523073,18109.762780226883,331.90896011337156,62880.01314605455,78.64591206338396,13465.13054188725,31.63351013970714,7610.347323469527
oos_experiment,shared_battery_mode_node_level_v1,SI-Drahi_17-d2-HOM-UHI-BLO-e181d0fa1c,TK-PB-Drahi_17-d2-HOM-UHI-ab9213e738-r2,2,DETERMINISTIC_RH,NONE,none,descriptive_only,5,78.64591206338396,0.14263025774391397,106.20553805647673,-27.559625993092766,15652.559911970427,0.1485381257968971,20290.372647273136,-4637.8127353027085,109.06711611027156,-30.421204046887595,1,3,219.48815090208387,42497.376180729334,551.3971110154555,105377.38932678389,78.64591206338396,13465.13054188725,31.63351013970714,7610.347323469527
oos_experiment,shared_battery_mode_node_level_v1,SI-Drahi_17-d2-HOM-UHI-BLO-e181d0fa1c,TK-PB-Drahi_17-d2-HOM-UHI-ab9213e738-r2,2,DETERMINISTIC_RH,PEA,pv,proportional_pv,1,114.02299624786697,0.20678925219227517,112.93316437236582,1.0898318755011474,19568.29829524283,0.18569731533735329,21463.54300870566,-1895.244713462831,108.21305906398297,5.809937183884003,4,1,102.8238671599266,19568.29829524283,102.8238671599266,19568.29829524283,102.8238671599266,19568.29829524283,7.455555043164495,1507.1795701139417
oos_experiment,shared_battery_mode_node_level_v1,SI-Drahi_17-d2-HOM-UHI-BLO-e181d0fa1c,TK-PB-Drahi_17-d2-HOM-UHI-ab9213e738-r2,2,DETERMINISTIC_RH,PEA,pv,proportional_pv,2,112.73113039493879,0.20444635661462318,112.49757431528037,0.2335560796584133,22371.097297302535,0.21229504204102023,21506.001047190017,865.0962501125177,109.63393635830177,3.0971940366370205,3,5,106.67397610764655,20336.071593721193,209.49784326757316,39904.36988896402,102.8238671599266,19568.29829524283,7.455555043164495,1507.1795701139417
oos_experiment,shared_battery_mode_node_level_v1,SI-Drahi_17-d2-HOM-UHI-BLO-e181d0fa1c,TK-PB-Drahi_17-d2-HOM-UHI-ab9213e738-r2,2,DETERMINISTIC_RH,PEA,pv,proportional_pv,3,106.67397610764655,0.19346125319952304,108.46829614492509,-1.7943200372785384,21177.171615734318,0.2009650433648739,20847.6241753009,329.54744043341634,114.28468595447805,-7.610709846831497,2,3,112.73113039493879,21177.171615734318,322.228973662512,61081.54150469834,102.8238671599266,19568.29829524283,7.455555043164495,1507.1795701139417
oos_experiment,shared_battery_mode_node_level_v1,SI-Drahi_17-d2-HOM-UHI-BLO-e181d0fa1c,TK-PB-Drahi_17-d2-HOM-UHI-ab9213e738-r2,2,DETERMINISTIC_RH,PEA,pv,proportional_pv,4,102.8238671599266,0.18647879197365705,111.29253812640746,-8.468670966480857,20336.071593721193,0.19298325498136398,21269.84844831415,-933.7768545929575,110.19831352842127,-7.3744463684946595,1,2,114.02299624786697,21924.750524782983,436.2519699103789,83006.29202948132,102.8238671599266,19568.29829524283,7.455555043164495,1507.1795701139417
oos_experiment,shared_battery_mode_node_level_v1,SI-Drahi_17-d2-HOM-UHI-BLO-e181d0fa1c,TK-PB-Drahi_17-d2-HOM-UHI-ab9213e738-r2,2,DETERMINISTIC_RH,PEA,pv,proportional_pv,5,115.1451411050765,0.20882434601992142,106.20553805647673,8.939603048599778,21924.750524782983,0.2080593442753886,20290.37264727313,1634.3778775098544,109.06711611027156,6.078024994804949,5,4,115.1451411050765,22371.097297302535,551.3971110154554,105377.38932678386,102.8238671599266,19568.29829524283,7.455555043164495,1507.1795701139417
oos_experiment,shared_battery_mode_node_level_v1,SI-Drahi_17-d2-HOM-UHI-BLO-e181d0fa1c,TK-PB-Drahi_17-d2-HOM-UHI-ab9213e738-r2,2,DETERMINISTIC_RH,SA,savings,proportional_savings,1,103.00779252949798,0.1868123544205706,112.93316437236582,-9.925371842867847,18157.902530075808,0.1723130801216442,21463.543008705667,-3305.640478629859,108.21305906398297,-5.205266534484991,1,1,103.00779252949798,18157.902530075808,103.00779252949798,18157.902530075808,103.00779252949798,18157.902530075808,7.271629673593125,2917.5753352809697
oos_experiment,shared_battery_mode_node_level_v1,SI-Drahi_17-d2-HOM-UHI-BLO-e181d0fa1c,TK-PB-Drahi_17-d2-HOM-UHI-ab9213e738-r2,2,DETERMINISTIC_RH,SA,savings,proportional_savings,2,106.56487904943583,0.19326339750526703,112.49757431528037,-5.9326952658445435,22530.520254020958,0.21380791835857665,21506.001047190024,1024.5192068309334,109.63393635830177,-3.0690573088659363,2,5,106.56487904943583,20890.308975770487,209.5726715789338,39048.211505846295,103.00779252949798,18157.902530075808,7.271629673593125,2917.5753352809697
oos_experiment,shared_battery_mode_node_level_v1,SI-Drahi_17-d2-HOM-UHI-BLO-e181d0fa1c,TK-PB-Drahi_17-d2-HOM-UHI-ab9213e738-r2,2,DETERMINISTIC_RH,SA,savings,proportional_savings,3,109.89504912008799,0.1993029105968741,108.46829614492509,1.4267529751628985,21585.934751649853,0.20484408362699238,20847.62417530091,738.3105763489439,114.28468595447805,-4.3896368343900605,3,3,109.89504912008799,21585.934751649853,319.4677206990218,60634.14625749615,103.00779252949798,18157.902530075808,7.271629673593125,2917.5753352809697
oos_experiment,shared_battery_mode_node_level_v1,SI-Drahi_17-d2-HOM-UHI-BLO-e181d0fa1c,TK-PB-Drahi_17-d2-HOM-UHI-ab9213e738-r2,2,DETERMINISTIC_RH,SA,savings,proportional_savings,4,112.11673529546384,0.20333210503948623,111.29253812640746,0.8241971690563759,22212.72281526678,0.21079211543553536,21269.84844831416,942.874366952623,110.19831352842127,1.9184217670425738,4,4,112.11673529546384,22212.72281526678,431.58445599448567,82846.86907276293,103.00779252949798,18157.902530075808,7.271629673593125,2917.5753352809697
oos_experiment,shared_battery_mode_node_level_v1,SI-Drahi_17-d2-HOM-UHI-BLO-e181d0fa1c,TK-PB-Drahi_17-d2-HOM-UHI-ab9213e738-r2,2,DETERMINISTIC_RH,SA,savings,proportional_savings,5,119.81265502096983,0.21728923243780202,106.20553805647673,13.607116964493102,20890.308975770487,0.19824280245725137,20290.372647273136,599.9363284973515,109.06711611027156,10.745538910698272,5,2,119.81265502096983,22530.520254020958,551.3971110154555,105377.38932678389,103.00779252949798,18157.902530075808,7.271629673593125,2917.5753352809697
oos_experiment,shared_battery_mode_node_level_v1,SI-Drahi_17-d2-HOM-UHI-BLO-e181d0fa1c,TK-PB-Drahi_17-d2-HOM-UHI-ab9213e738-r2,2,DETERMINISTIC_RH,STATIC_DEMAND_SHARE,pv,static_share_residual,1,108.21305906398291,0.19625249552848992,112.93316437236581,-4.720105308382898,17694.28829868132,0.1679135193206381,21463.543008705656,-3769.2547100243355,108.21305906398297,-5.684341886080802e-14,1,1,108.21305906398291,17694.28829868132,108.21305906398291,17694.28829868132,108.21305906398291,17694.28829868132,2.0663631391081623,3381.1895666754463
oos_experiment,shared_battery_mode_node_level_v1,SI-Drahi_17-d2-HOM-UHI-BLO-e181d0fa1c,TK-PB-Drahi_17-d2-HOM-UHI-ab9213e738-r2,2,DETERMINISTIC_RH,STATIC_DEMAND_SHARE,pv,static_share_residual,2,109.63393635830171,0.1988293630273096,112.49757431528035,-2.8636379569786357,21686.613767703995,0.20579949746574236,21506.001047190013,180.6127205139819,109.63393635830177,-5.684341886080802e-14,3,3,109.06711611027148,21581.81689914601,217.2801751742544,39276.10519782733,108.21305906398291,17694.28829868132,2.0663631391081623,3381.1895666754463
oos_experiment,shared_battery_mode_node_level_v1,SI-Drahi_17-d2-HOM-UHI-BLO-e181d0fa1c,TK-PB-Drahi_17-d2-HOM-UHI-ab9213e738-r2,2,DETERMINISTIC_RH,STATIC_DEMAND_SHARE,pv,static_share_residual,3,114.28468595447802,0.207263846094534,108.46829614492506,5.816389809552959,22609.092219456565,0.21455354287952547,20847.624175300898,1761.4680441556666,114.28468595447805,-2.842170943040401e-14,5,5,109.63393635830171,21686.613767703995,326.91411153255615,60962.71896553133,108.21305906398291,17694.28829868132,2.0663631391081623,3381.1895666754463
oos_experiment,shared_battery_mode_node_level_v1,SI-Drahi_17-d2-HOM-UHI-BLO-e181d0fa1c,TK-PB-Drahi_17-d2-HOM-UHI-ab9213e738-r2,2,DETERMINISTIC_RH,STATIC_DEMAND_SHARE,pv,static_share_residual,4,110.19831352842121,0.19985290333763175,111.29253812640744,-1.0942245979862264,21805.578141795937,0.20692843389937352,21269.848448314147,535.7296934817896,110.19831352842127,-5.684341886080802e-14,4,4,110.19831352842121,21805.578141795937,437.11242506097733,82768.29710732726,108.21305906398291,17694.28829868132,2.0663631391081623,3381.1895666754463
oos_experiment,shared_battery_mode_node_level_v1,SI-Drahi_17-d2-HOM-UHI-BLO-e181d0fa1c,TK-PB-Drahi_17-d2-HOM-UHI-ab9213e738-r2,2,DETERMINISTIC_RH,STATIC_DEMAND_SHARE,pv,static_share_residual,5,109.06711611027148,0.19780139201203467,106.2055380564767,2.861578053794787,21581.81689914601,0.20480500643472052,20290.372647273125,1291.4442518728865,109.06711611027156,-7.105427357601002e-14,2,2,114.28468595447802,22609.092219456565,551.3971110154554,105377.38932678383,108.21305906398291,17694.28829868132,2.0663631391081623,3381.1895666754463
oos_experiment,shared_battery_mode_node_level_v1,SI-Drahi_17-d2-HOM-UHI-BLO-e181d0fa1c,TK-PB-Drahi_17-d2-HOM-UHI-ab9213e738-r2,2,MULTISTAGE_RH,LEXMMFPEA,pv,lexicographic_pv,1,118.25177884657953,0.21445846647401987,112.93316437236588,5.318614474213646,22667.773191088345,0.21511040780099175,21463.543008705656,1204.2301823826892,108.21305906398297,10.038719782596559,5,4,106.34924071652965,18232.743429150898,106.34924071652965,18232.743429150898,106.34924071652965,18232.743429150898,3.9301814865614944,2842.7344362058684
oos_experiment,shared_battery_mode_node_level_v1,SI-Drahi_17-d2-HOM-UHI-BLO-e181d0fa1c,TK-PB-Drahi_17-d2-HOM-UHI-ab9213e738-r2,2,MULTISTAGE_RH,LEXMMFPEA,pv,lexicographic_pv,2,109.04549908338042,0.19776218791310254,112.49757431528043,-3.452075231900011,18232.743429150898,0.17302329793547724,21506.001047190013,-3273.257618039115,109.63393635830177,-0.5884372749213469,3,1,106.7606059004873,20640.660817958124,213.10984661701696,38873.40424710902,106.34924071652965,18232.743429150898,3.9301814865614944,2842.7344362058684
oos_experiment,shared_battery_mode_node_level_v1,SI-Drahi_17-d2-HOM-UHI-BLO-e181d0fa1c,TK-PB-Drahi_17-d2-HOM-UHI-ab9213e738-r2,2,MULTISTAGE_RH,LEXMMFPEA,pv,lexicographic_pv,3,106.7606059004873,0.1936183628236217,108.46829614492513,-1.7076902444378277,22840.337255155144,0.21674798930845976,20847.624175300898,1992.7130798542457,114.28468595447805,-7.524080053990744,2,5,109.04549908338042,20995.87463343132,322.1553457003974,59869.27888054034,106.34924071652965,18232.743429150898,3.9301814865614944,2842.7344362058684
oos_experiment,shared_battery_mode_node_level_v1,SI-Drahi_17-d2-HOM-UHI-BLO-e181d0fa1c,TK-PB-Drahi_17-d2-HOM-UHI-ab9213e738-r2,2,MULTISTAGE_RH,LEXMMFPEA,pv,lexicographic_pv,4,106.34924071652965,0.19287232122177128,111.2925381264075,-4.943297409877857,20995.87463343132,0.19924458906759787,21269.848448314147,-273.9738148828292,110.19831352842127,-3.8490728118916167,1,3,110.98998646847879,22667.773191088345,433.14533216887617,82537.05207162868,106.34924071652965,18232.743429150898,3.9301814865614944,2842.7344362058684
oos_experiment,shared_battery_mode_node_level_v1,SI-Drahi_17-d2-HOM-UHI-BLO-e181d0fa1c,TK-PB-Drahi_17-d2-HOM-UHI-ab9213e738-r2,2,MULTISTAGE_RH,LEXMMFPEA,pv,lexicographic_pv,5,110.98998646847879,0.20128866156748457,106.20553805647677,4.784448412002021,20640.660817958124,0.19587371588747338,20290.372647273125,350.2881706849985,109.06711611027156,1.9228703582072342,4,2,118.25177884657953,22840.337255155144,551.3971110154556,105377.38932678383,106.34924071652965,18232.743429150898,3.9301814865614944,2842.7344362058684
oos_experiment,shared_battery_mode_node_level_v1,SI-Drahi_17-d2-HOM-UHI-BLO-e181d0fa1c,TK-PB-Drahi_17-d2-HOM-UHI-ab9213e738-r2,2,MULTISTAGE_RH,LEXMMFSA,savings,lexicographic_savings,1,105.40821881215949,0.19116570744819328,112.93316437236581,-7.524945560206319,21782.582090928336,0.2067102082343185,21463.543008705656,319.03908222268,108.21305906398297,-2.804840251823478,1,5,105.40821881215949,20316.920558049023,105.40821881215949,20316.920558049023,105.40821881215949,20316.920558049023,4.8712033909315835,758.557307307743
oos_experiment,shared_battery_mode_node_level_v1,SI-Drahi_17-d2-HOM-UHI-BLO-e181d0fa1c,TK-PB-Drahi_17-d2-HOM-UHI-ab9213e738-r2,2,MULTISTAGE_RH,LEXMMFSA,savings,lexicographic_savings,2,106.9109678423897,0.19389105547815072,112.49757431528035,-5.586606472890651,20757.645879723306,0.19698386923737657,21506.001047190013,-748.3551674667069,109.63393635830177,-2.722968515912072,2,3,106.9109678423897,20747.096248481073,212.31918665454918,41064.0168065301,105.40821881215949,20316.920558049023,4.8712033909315835,758.557307307743
oos_experiment,shared_battery_mode_node_level_v1,SI-Drahi_17-d2-HOM-UHI-BLO-e181d0fa1c,TK-PB-Drahi_17-d2-HOM-UHI-ab9213e738-r2,2,MULTISTAGE_RH,LEXMMFSA,savings,lexicographic_savings,3,111.56501295669598,0.2023315152145744,108.46829614492506,3.096716811770918,20747.096248481073,0.1968837563829053,20847.624175300898,-100.52792681982464,114.28468595447805,-2.7196729977820695,4,2,110.26426410110516,20757.645879723306,322.5834507556543,61821.6626862534,105.40821881215949,20316.920558049023,4.8712033909315835,758.557307307743
oos_experiment,shared_battery_mode_node_level_v1,SI-Drahi_17-d2-HOM-UHI-BLO-e181d0fa1c,TK-PB-Drahi_17-d2-HOM-UHI-ab9213e738-r2,2,MULTISTAGE_RH,LEXMMFSA,savings,lexicographic_savings,4,110.26426410110516,0.19997250964562,111.29253812640744,-1.0282740253022808,21773.14454960209,0.20662064878151234,21269.848448314147,503.2961012879423,110.19831352842127,0.06595057268388871,3,4,111.56501295669598,21773.14454960209,434.1484637123503,83594.8072358555,105.40821881215949,20316.920558049023,4.8712033909315835,758.557307307743
oos_experiment,shared_battery_mode_node_level_v1,SI-Drahi_17-d2-HOM-UHI-BLO-e181d0fa1c,TK-PB-Drahi_17-d2-HOM-UHI-ab9213e738-r2,2,MULTISTAGE_RH,LEXMMFSA,savings,lexicographic_savings,5,117.24864730310507,0.21263921221346163,106.2055380564767,11.043109246628376,20316.920558049023,0.1928015173638873,20290.372647273125,26.547910775898345,109.06711611027156,8.181531192833518,5,1,117.24864730310507,21782.582090928336,551.3971110154554,105377.38932678383,105.40821881215949,20316.920558049023,4.8712033909315835,758.557307307743
oos_experiment,shared_battery_mode_node_level_v1,SI-Drahi_17-d2-HOM-UHI-BLO-e181d0fa1c,TK-PB-Drahi_17-d2-HOM-UHI-ab9213e738-r2,2,MULTISTAGE_RH,NONE,none,descriptive_only,1,86.93689063330424,0.15766656896914247,112.93316437236585,-25.996273739061607,15679.640543494577,0.14879511291431535,21463.543008705667,-5783.902465211089,108.21305906398297,-21.276168430678723,3,2,78.64591206338518,14206.879911970114,78.64591206338518,14206.879911970114,78.64591206338518,14206.879911970114,31.633510139705933,6868.597953386663
oos_experiment,shared_battery_mode_node_level_v1,SI-Drahi_17-d2-HOM-UHI-BLO-e181d0fa1c,TK-PB-Drahi_17-d2-HOM-UHI-ab9213e738-r2,2,MULTISTAGE_RH,NONE,none,descriptive_only,2,78.64591206338518,0.14263025774391616,112.4975743152804,-33.85166225189522,14206.879911970114,0.13481905371477196,21506.001047190024,-7299.12113521991,109.63393635830177,-30.988024294916585,1,1,78.64591206338518,15679.640543494577,157.29182412677036,29886.52045546469,78.64591206338518,14206.879911970114,31.633510139705933,6868.597953386663
oos_experiment,shared_battery_mode_node_level_v1,SI-Drahi_17-d2-HOM-UHI-BLO-e181d0fa1c,TK-PB-Drahi_17-d2-HOM-UHI-ab9213e738-r2,2,MULTISTAGE_RH,NONE,none,descriptive_only,3,91.11206227522977,0.16523855576144997,108.4682961449251,-17.35623386969533,16704.082780226803,0.15851676424081906,20847.62417530091,-4143.541395074106,114.28468595447805,-23.172623679248275,4,3,86.93689063330424,16704.082780226803,244.22871476007464,46590.603235691495,78.64591206338518,14206.879911970114,31.633510139705933,6868.597953386663
oos_experiment,shared_battery_mode_node_level_v1,SI-Drahi_17-d2-HOM-UHI-BLO-e181d0fa1c,TK-PB-Drahi_17-d2-HOM-UHI-ab9213e738-r2,2,MULTISTAGE_RH,NONE,none,descriptive_only,4,216.05633398015127,0.3918343597815753,111.29253812640749,104.76379585374377,41734.10577912227,0.3960442182686971,21269.84844831416,20464.257330808112,110.19831352842127,105.85802045173,5,5,91.11206227522977,17052.68031197012,335.3407770353044,63643.28354766162,78.64591206338518,14206.879911970114,31.633510139705933,6868.597953386663
oos_experiment,shared_battery_mode_node_level_v1,SI-Drahi_17-d2-HOM-UHI-BLO-e181d0fa1c,TK-PB-Drahi_17-d2-HOM-UHI-ab9213e738-r2,2,MULTISTAGE_RH,NONE,none,descriptive_only,5,78.64591206338518,0.14263025774391616,106.20553805647675,-27.559625993091572,17052.68031197012,0.16182485086139653,20290.372647273136,-3237.6923353030143,109.06711611027156,-30.421204046886373,2,4,216.05633398015127,41734.10577912227,551.3971110154556,105377.38932678389,78.64591206338518,14206.879911970114,31.633510139705933,6868.597953386663
oos_experiment,shared_battery_mode_node_level_v1,SI-Drahi_17-d2-HOM-UHI-BLO-e181d0fa1c,TK-PB-Drahi_17-d2-HOM-UHI-ab9213e738-r2,2,MULTISTAGE_RH,PEA,pv,proportional_pv,1,114.5949528059616,0.2078265382909297,112.93316437236585,1.6617884335957456,23776.436252408894,0.22563128963725065,21463.54300870566,2312.8932437032345,108.21305906398297,6.3818937419786295,5,5,103.69702057147619,20029.967864597857,103.69702057147619,20029.967864597857,103.69702057147619,20029.967864597857,6.582401631614928,1045.5100007589135
oos_experiment,shared_battery_mode_node_level_v1,SI-Drahi_17-d2-HOM-UHI-BLO-e181d0fa1c,TK-PB-Drahi_17-d2-HOM-UHI-ab9213e738-r2,2,MULTISTAGE_RH,PEA,pv,proportional_pv,2,111.8774480618717,0.20289813970159845,112.4975743152804,-0.6201262534086993,20945.909453231434,0.19877043440767417,21506.001047190017,-560.091593958583,109.63393635830177,2.2435117035699363,3,4,108.53964659083756,20119.865615473245,212.23666716231375,40149.8334800711,103.69702057147619,20029.967864597857,6.582401631614928,1045.5100007589135
oos_experiment,shared_battery_mode_node_level_v1,SI-Drahi_17-d2-HOM-UHI-BLO-e181d0fa1c,TK-PB-Drahi_17-d2-HOM-UHI-ab9213e738-r2,2,MULTISTAGE_RH,PEA,pv,proportional_pv,3,112.68804298530856,0.2043682143669228,108.4682961449251,4.219746840383451,20119.865615473245,0.19093152472282177,20847.6241753009,-727.7585598276564,114.28468595447805,-1.596642969169494,4,2,111.8774480618717,20505.210141072428,324.11411522418547,60655.04362114353,103.69702057147619,20029.967864597857,6.582401631614928,1045.5100007589135
oos_experiment,shared_battery_mode_node_level_v1,SI-Drahi_17-d2-HOM-UHI-BLO-e181d0fa1c,TK-PB-Drahi_17-d2-HOM-UHI-ab9213e738-r2,2,MULTISTAGE_RH,PEA,pv,proportional_pv,4,108.53964659083756,0.19684478649325968,111.29253812640749,-2.7528915355699297,20029.967864597857,0.1900784218755249,21269.84844831415,-1239.8805837162945,110.19831352842127,-1.6586669375837033,2,1,112.68804298530856,20945.909453231434,436.802158209494,81600.95307437496,103.69702057147619,20029.967864597857,6.582401631614928,1045.5100007589135
oos_experiment,shared_battery_mode_node_level_v1,SI-Drahi_17-d2-HOM-UHI-BLO-e181d0fa1c,TK-PB-Drahi_17-d2-HOM-UHI-ab9213e738-r2,2,MULTISTAGE_RH,PEA,pv,proportional_pv,5,103.69702057147619,0.18806232114728938,106.20553805647675,-2.508517485000567,20505.210141072428,0.19458832935672854,20290.37264727313,214.8374937992994,109.06711611027156,-5.370095538795368,1,3,114.5949528059616,23776.436252408894,551.3971110154556,105377.38932678386,103.69702057147619,20029.967864597857,6.582401631614928,1045.5100007589135
oos_experiment,shared_battery_mode_node_level_v1,SI-Drahi_17-d2-HOM-UHI-BLO-e181d0fa1c,TK-PB-Drahi_17-d2-HOM-UHI-ab9213e738-r2,2,MULTISTAGE_RH,SA,savings,proportional_savings,1,107.9558156505742,0.19578596531229958,112.93316437236585,-4.977348721791657,19133.997659370303,0.1815759318162098,21463.543008705667,-2329.5453493353634,108.21305906398297,-0.2572434134087729,2,1,101.0970670884952,19133.997659370303,101.0970670884952,19133.997659370303,101.0970670884952,19133.997659370303,9.182355114595921,1941.4802059864742
oos_experiment,shared_battery_mode_node_level_v1,SI-Drahi_17-d2-HOM-UHI-BLO-e181d0fa1c,TK-PB-Drahi_17-d2-HOM-UHI-ab9213e738-r2,2,MULTISTAGE_RH,SA,savings,proportional_savings,2,112.7938715760375,0.20456014245035808,112.4975743152804,0.2962972607571004,22358.19657093947,0.21217261799497497,21506.001047190024,852.1955237494476,109.63393635830177,3.159935217735736,4,5,107.9558156505742,20921.299998349452,209.0528827390694,40055.297657719755,101.0970670884952,19133.997659370303,9.182355114595921,1941.4802059864742
oos_experiment,shared_battery_mode_node_level_v1,SI-Drahi_17-d2-HOM-UHI-BLO-e181d0fa1c,TK-PB-Drahi_17-d2-HOM-UHI-ab9213e738-r2,2,MULTISTAGE_RH,SA,savings,proportional_savings,3,101.0970670884952,0.18334711058299588,108.4682961449251,-7.371229056429911,21506.19276242738,0.20408735592922048,20847.62417530091,658.5685871264723,114.28468595447805,-13.187618865982856,1,4,109.58047463570101,21457.70233569728,318.6333573747704,61512.999993417034,101.0970670884952,19133.997659370303,9.182355114595921,1941.4802059864742
oos_experiment,shared_battery_mode_node_level_v1,SI-Drahi_17-d2-HOM-UHI-BLO-e181d0fa1c,TK-PB-Drahi_17-d2-HOM-UHI-ab9213e738-r2,2,MULTISTAGE_RH,SA,savings,proportional_savings,4,109.58047463570101,0.19873240618525742,111.29253812640749,-1.712063490706484,21457.70233569728,0.20362719623993714,21269.84844831416,187.8538873831203,110.19831352842127,-0.6178388927202576,3,3,112.7938715760375,21506.19276242738,431.4272289508079,83019.19275584441,101.0970670884952,19133.997659370303,9.182355114595921,1941.4802059864742
oos_experiment,shared_battery_mode_node_level_v1,SI-Drahi_17-d2-HOM-UHI-BLO-e181d0fa1c,TK-PB-Drahi_17-d2-HOM-UHI-ab9213e738-r2,2,MULTISTAGE_RH,SA,savings,proportional_savings,5,119.96988206464773,0.2175743754690891,106.20553805647675,13.76434400817098,20921.299998349452,0.19853689801965763,20290.372647273136,630.927351076316,109.06711611027156,10.902765954376179,5,2,119.96988206464773,22358.19657093947,551.3971110154556,105377.38932678389,101.0970670884952,19133.997659370303,9.182355114595921,1941.4802059864742
oos_experiment,shared_battery_mode_node_level_v1,SI-Drahi_17-d2-HOM-UHI-BLO-e181d0fa1c,TK-PB-Drahi_17-d2-HOM-UHI-ab9213e738-r2,2,MULTISTAGE_RH,STATIC_DEMAND_SHARE,pv,static_share_residual,1,108.21305906398297,0.19625249552848992,112.93316437236585,-4.720105308382884,16294.167898681568,0.15462679425613812,21463.543008705656,-5169.375110024088,108.21305906398297,0.0,1,1,108.21305906398297,16294.167898681568,108.21305906398297,16294.167898681568,108.21305906398297,16294.167898681568,2.066363139108148,4781.309966675199
oos_experiment,shared_battery_mode_node_level_v1,SI-Drahi_17-d2-HOM-UHI-BLO-e181d0fa1c,TK-PB-Drahi_17-d2-HOM-UHI-ab9213e738-r2,2,MULTISTAGE_RH,STATIC_DEMAND_SHARE,pv,static_share_residual,2,109.63393635830177,0.1988293630273096,112.4975743152804,-2.8636379569786357,23086.734167704068,0.2190862225302454,21506.001047190013,1580.7331205140545,109.63393635830177,0.0,3,5,109.06711611027156,21581.81689914569,217.2801751742545,37875.98479782726,108.21305906398297,16294.167898681568,2.066363139108148,4781.309966675199
oos_experiment,shared_battery_mode_node_level_v1,SI-Drahi_17-d2-HOM-UHI-BLO-e181d0fa1c,TK-PB-Drahi_17-d2-HOM-UHI-ab9213e738-r2,2,MULTISTAGE_RH,STATIC_DEMAND_SHARE,pv,static_share_residual,3,114.28468595447805,0.20726384609453397,108.4682961449251,5.816389809552945,22609.092219456652,0.2145535428795263,20847.624175300898,1761.468044155754,114.28468595447805,0.0,5,4,109.63393635830177,21805.57814179585,326.91411153255626,59681.56293962311,108.21305906398297,16294.167898681568,2.066363139108148,4781.309966675199
oos_experiment,shared_battery_mode_node_level_v1,SI-Drahi_17-d2-HOM-UHI-BLO-e181d0fa1c,TK-PB-Drahi_17-d2-HOM-UHI-ab9213e738-r2,2,MULTISTAGE_RH,STATIC_DEMAND_SHARE,pv,static_share_residual,4,110.19831352842127,0.19985290333763178,111.29253812640749,-1.0942245979862264,21805.57814179585,0.2069284338993727,21269.848448314147,535.7296934817023,110.19831352842127,0.0,4,3,110.19831352842127,22609.092219456652,437.11242506097756,82290.65515907976,108.21305906398297,16294.167898681568,2.066363139108148,4781.309966675199
oos_experiment,shared_battery_mode_node_level_v1,SI-Drahi_17-d2-HOM-UHI-BLO-e181d0fa1c,TK-PB-Drahi_17-d2-HOM-UHI-ab9213e738-r2,2,MULTISTAGE_RH,STATIC_DEMAND_SHARE,pv,static_share_residual,5,109.06711611027156,0.1978013920120347,106.20553805647675,2.8615780537948012,21581.81689914569,0.2048050064347175,20290.372647273125,1291.4442518725664,109.06711611027156,0.0,2,2,114.28468595447805,23086.734167704068,551.3971110154556,105377.38932678383,108.21305906398297,16294.167898681568,2.066363139108148,4781.309966675199
oos_experiment,shared_battery_mode_node_level_v1,SI-Drahi_17-d2-HOM-UHI-BLO-e181d0fa1c,TK-PB-Drahi_17-d2-HOM-UHI-ab9213e738-r2,2,TWO_STAGE_RH,LEXMMFPEA,pv,lexicographic_pv,1,114.5575043734157,0.20775862275093537,112.93316437236588,1.6243400010498164,21984.89384586946,0.2086300864570912,21463.54300870565,521.3508371638127,108.21305906398297,6.344445309432729,5,4,108.7587849208854,18732.857658855908,108.7587849208854,18732.857658855908,108.7587849208854,18732.857658855908,1.5206372822057403,2342.620206500851
oos_experiment,shared_battery_mode_node_level_v1,SI-Drahi_17-d2-HOM-UHI-BLO-e181d0fa1c,TK-PB-Drahi_17-d2-HOM-UHI-ab9213e738-r2,2,TWO_STAGE_RH,LEXMMFPEA,pv,lexicographic_pv,2,110.14306726215484,0.1997527100918516,112.49757431528043,-2.3545070531255874,20558.4841731996,0.19509388403470576,21506.001047190006,-947.5168739904075,109.63393635830177,0.5091309038530767,4,2,108.87960392647732,20558.4841731996,217.6383888473627,39291.34183205551,108.7587849208854,18732.857658855908,1.5206372822057403,2342.620206500851
oos_experiment,shared_battery_mode_node_level_v1,SI-Drahi_17-d2-HOM-UHI-BLO-e181d0fa1c,TK-PB-Drahi_17-d2-HOM-UHI-ab9213e738-r2,2,TWO_STAGE_RH,LEXMMFPEA,pv,lexicographic_pv,3,108.87960392647732,0.19746132460861843,108.46829614492513,0.41130778155218195,23180.336855025787,0.2199744841195647,20847.62417530089,2332.7126797248966,114.28468595447805,-5.405082028000734,2,5,109.05815053252239,20920.816793833044,326.6965393798851,60212.15862588855,108.7587849208854,18732.857658855908,1.5206372822057403,2342.620206500851
oos_experiment,shared_battery_mode_node_level_v1,SI-Drahi_17-d2-HOM-UHI-BLO-e181d0fa1c,TK-PB-Drahi_17-d2-HOM-UHI-ab9213e738-r2,2,TWO_STAGE_RH,LEXMMFPEA,pv,lexicographic_pv,4,108.7587849208854,0.19724221028397243,111.2925381264075,-2.5337532055221033,18732.857658855908,0.17776923283574433,21269.84844831414,-2536.990789458232,110.19831352842127,-1.4395286075358626,1,1,110.14306726215484,21984.89384586946,436.83960664203994,82197.05247175801,108.7587849208854,18732.857658855908,1.5206372822057403,2342.620206500851
oos_experiment,shared_battery_mode_node_level_v1,SI-Drahi_17-d2-HOM-UHI-BLO-e181d0fa1c,TK-PB-Drahi_17-d2-HOM-UHI-ab9213e738-r2,2,TWO_STAGE_RH,LEXMMFPEA,pv,lexicographic_pv,5,109.05815053252239,0.19778513226462205,106.20553805647677,2.8526124760456213,20920.816793833044,0.19853231255289405,20290.372647273118,630.4441465599266,109.06711611027156,-0.008965577749165732,3,3,114.5575043734157,23180.336855025787,551.3971110154557,105377.3893267838,108.7587849208854,18732.857658855908,1.5206372822057403,2342.620206500851
oos_experiment,shared_battery_mode_node_level_v1,SI-Drahi_17-d2-HOM-UHI-BLO-e181d0fa1c,TK-PB-Drahi_17-d2-HOM-UHI-ab9213e738-r2,2,TWO_STAGE_RH,LEXMMFSA,savings,lexicographic_savings,1,110.4361624966076,0.20028426027337687,112.93316437236585,-2.497001875758258,20495.89789915076,0.19449995895790623,21463.543008705656,-967.6451095548946,108.21305906398297,2.223103432624626,4,2,104.23872893725708,20441.22075446314,104.23872893725708,20441.22075446314,104.23872893725708,20441.22075446314,6.040693265834037,634.2571108936281
oos_experiment,shared_battery_mode_node_level_v1,SI-Drahi_17-d2-HOM-UHI-BLO-e181d0fa1c,TK-PB-Drahi_17-d2-HOM-UHI-ab9213e738-r2,2,TWO_STAGE_RH,LEXMMFSA,savings,lexicographic_savings,2,104.23872893725708,0.1890447498814249,112.4975743152804,-8.258845378023324,20638.901189785916,0.19585701754085982,21506.001047190013,-867.0998574040968,109.63393635830177,-5.395207421044688,1,3,106.1149712644419,20495.89789915076,210.35370020169898,40937.1186536139,104.23872893725708,20441.22075446314,6.040693265834037,634.2571108936281
oos_experiment,shared_battery_mode_node_level_v1,SI-Drahi_17-d2-HOM-UHI-BLO-e181d0fa1c,TK-PB-Drahi_17-d2-HOM-UHI-ab9213e738-r2,2,TWO_STAGE_RH,LEXMMFSA,savings,lexicographic_savings,3,110.37025863377981,0.2001647386772147,108.4682961449251,1.901962488854707,21793.96844178179,0.20681826130838113,20847.624175300898,946.3442664808936,114.28468595447805,-3.9144273206982376,3,4,110.37025863377981,20638.901189785916,320.7239588354788,61576.019843399816,104.23872893725708,20441.22075446314,6.040693265834037,634.2571108936281
oos_experiment,shared_battery_mode_node_level_v1,SI-Drahi_17-d2-HOM-UHI-BLO-e181d0fa1c,TK-PB-Drahi_17-d2-HOM-UHI-ab9213e738-r2,2,TWO_STAGE_RH,LEXMMFSA,savings,lexicographic_savings,4,106.1149712644419,0.19244745600683336,111.29253812640749,-5.1775668619655875,20441.22075446314,0.19398108916015422,21269.848448314147,-828.6276938510091,110.19831352842127,-4.083342263979361,2,1,110.4361624966076,21793.96844178179,431.16012133208636,83369.98828518161,104.23872893725708,20441.22075446314,6.040693265834037,634.2571108936281
oos_experiment,shared_battery_mode_node_level_v1,SI-Drahi_17-d2-HOM-UHI-BLO-e181d0fa1c,TK-PB-Drahi_17-d2-HOM-UHI-ab9213e738-r2,2,TWO_STAGE_RH,LEXMMFSA,savings,lexicographic_savings,5,120.23698968336917,0.2180587951611501,106.20553805647675,14.03145162689242,22007.40104160222,0.20884367303269857,20290.372647273125,1717.028394329096,109.06711611027156,11.169873573097618,5,5,120.23698968336917,22007.40104160222,551.3971110154556,105377.38932678383,104.23872893725708,20441.22075446314,6.040693265834037,634.2571108936281
oos_experiment,shared_battery_mode_node_level_v1,SI-Drahi_17-d2-HOM-UHI-BLO-e181d0fa1c,TK-PB-Drahi_17-d2-HOM-UHI-ab9213e738-r2,2,TWO_STAGE_RH,NONE,none,descriptive_only,1,236.81346276191488,0.4294789690243354,112.93316437236585,123.88029838954903,41734.74835923387,0.3960503161623317,21463.54300870566,20271.20535052821,108.21305906398297,128.6004036979319,5,5,78.64591206338518,14246.879911970114,78.64591206338518,14246.879911970114,78.64591206338518,14246.879911970114,31.633510139705933,6828.597953386656
oos_experiment,shared_battery_mode_node_level_v1,SI-Drahi_17-d2-HOM-UHI-BLO-e181d0fa1c,TK-PB-Drahi_17-d2-HOM-UHI-ab9213e738-r2,2,TWO_STAGE_RH,NONE,none,descriptive_only,2,78.64591206338518,0.14263025774391616,112.4975743152804,-33.85166225189522,17052.68031197012,0.16182485086139659,21506.001047190017,-4453.320735219895,109.63393635830177,-30.988024294916585,1,3,78.64591206338518,14948.840831639653,157.29182412677036,29195.720743609767,78.64591206338518,14246.879911970114,31.633510139705933,6828.597953386656
oos_experiment,shared_battery_mode_node_level_v1,SI-Drahi_17-d2-HOM-UHI-BLO-e181d0fa1c,TK-PB-Drahi_17-d2-HOM-UHI-ab9213e738-r2,2,TWO_STAGE_RH,NONE,none,descriptive_only,3,78.64591206338518,0.14263025774391616,108.4682961449251,-29.822384081539923,17394.2399119701,0.1650661496085194,20847.6241753009,-3453.3842633308013,114.28468595447805,-35.63877389109287,2,4,78.64591206338518,17052.68031197012,235.93773619015553,46248.40105557989,78.64591206338518,14246.879911970114,31.633510139705933,6828.597953386656
oos_experiment,shared_battery_mode_node_level_v1,SI-Drahi_17-d2-HOM-UHI-BLO-e181d0fa1c,TK-PB-Drahi_17-d2-HOM-UHI-ab9213e738-r2,2,TWO_STAGE_RH,NONE,none,descriptive_only,4,78.64591206338518,0.14263025774391616,111.29253812640749,-32.64662606302231,14948.840831639653,0.1418600415814258,21269.84844831415,-6321.007616674498,110.19831352842127,-31.552401465036084,3,2,78.64591206338518,17394.2399119701,314.58364825354073,63642.64096754999,78.64591206338518,14246.879911970114,31.633510139705933,6828.597953386656
oos_experiment,shared_battery_mode_node_level_v1,SI-Drahi_17-d2-HOM-UHI-BLO-e181d0fa1c,TK-PB-Drahi_17-d2-HOM-UHI-ab9213e738-r2,2,TWO_STAGE_RH,NONE,none,descriptive_only,5,78.64591206338518,0.14263025774391616,106.20553805647675,-27.559625993091572,14246.879911970114,0.13519864178632648,20290.37264727313,-6043.492735303014,109.06711611027156,-30.421204046886373,4,1,236.81346276191488,41734.74835923387,551.3971110154556,105377.38932678386,78.64591206338518,14246.879911970114,31.633510139705933,6828.597953386656
oos_experiment,shared_battery_mode_node_level_v1,SI-Drahi_17-d2-HOM-UHI-BLO-e181d0fa1c,TK-PB-Drahi_17-d2-HOM-UHI-ab9213e738-r2,2,TWO_STAGE_RH,PEA,pv,proportional_pv,1,112.64587066414511,0.20429173170076262,112.93316437236588,-0.2872937082207727,19490.531892523315,0.1849593353663525,21463.543008705667,-1973.0111161823515,108.21305906398297,4.43281160016214,5,1,106.92786901278221,19490.531892523315,106.92786901278221,19490.531892523315,106.92786901278221,19490.531892523315,3.351553190308934,1584.9459728334623
oos_experiment,shared_battery_mode_node_level_v1,SI-Drahi_17-d2-HOM-UHI-BLO-e181d0fa1c,TK-PB-Drahi_17-d2-HOM-UHI-ab9213e738-r2,2,TWO_STAGE_RH,PEA,pv,proportional_pv,2,112.03237292237641,0.20317910755110236,112.49757431528043,-0.46520139290402085,20891.685211885866,0.19825586252757738,21506.001047190024,-614.3158353041581,109.63393635830177,2.3984365640746432,4,3,109.13306469956336,20871.77516591124,216.06093371234556,40362.307058434555,106.92786901278221,19490.531892523315,3.351553190308934,1584.9459728334623
oos_experiment,shared_battery_mode_node_level_v1,SI-Drahi_17-d2-HOM-UHI-BLO-e181d0fa1c,TK-PB-Drahi_17-d2-HOM-UHI-ab9213e738-r2,2,TWO_STAGE_RH,PEA,pv,proportional_pv,3,109.13306469956336,0.19792099472299257,108.46829614492513,0.6647685546382291,23030.956866678258,0.21855691257692275,20847.62417530091,2183.332691377349,114.28468595447805,-5.151621254914687,2,5,110.65793371658857,20891.685211885866,326.7188674289341,61253.99227032042,106.92786901278221,19490.531892523315,3.351553190308934,1584.9459728334623
oos_experiment,shared_battery_mode_node_level_v1,SI-Drahi_17-d2-HOM-UHI-BLO-e181d0fa1c,TK-PB-Drahi_17-d2-HOM-UHI-ab9213e738-r2,2,TWO_STAGE_RH,PEA,pv,proportional_pv,4,110.65793371658857,0.20068645900737558,111.2925381264075,-0.6346044098189338,21092.440189785208,0.20016096740047173,21269.84844831416,-177.40825852895068,110.19831352842127,0.45962018816730676,3,4,112.03237292237641,21092.440189785208,438.7512403513105,82346.43246010563,106.92786901278221,19490.531892523315,3.351553190308934,1584.9459728334623
oos_experiment,shared_battery_mode_node_level_v1,SI-Drahi_17-d2-HOM-UHI-BLO-e181d0fa1c,TK-PB-Drahi_17-d2-HOM-UHI-ab9213e738-r2,2,TWO_STAGE_RH,PEA,pv,proportional_pv,5,106.92786901278221,0.19392170701776676,106.20553805647677,0.7223309563054414,20871.77516591124,0.19806692212867563,20290.372647273136,581.4025186381041,109.06711611027156,-2.1392470974893456,1,2,112.64587066414511,23030.956866678258,551.3971110154556,105377.38932678389,106.92786901278221,19490.531892523315,3.351553190308934,1584.9459728334623
oos_experiment,shared_battery_mode_node_level_v1,SI-Drahi_17-d2-HOM-UHI-BLO-e181d0fa1c,TK-PB-Drahi_17-d2-HOM-UHI-ab9213e738-r2,2,TWO_STAGE_RH,SA,savings,proportional_savings,1,126.27806066249558,0.22901473029109864,112.93316437236588,13.344896290129697,18448.12006871408,0.17506715801721903,21463.54300870566,-3015.4229399915785,108.21305906398297,18.06500159851261,5,1,105.17434972374211,18448.12006871408,105.17434972374211,18448.12006871408,105.17434972374211,18448.12006871408,5.105072479349033,2627.357796642689
oos_experiment,shared_battery_mode_node_level_v1,SI-Drahi_17-d2-HOM-UHI-BLO-e181d0fa1c,TK-PB-Drahi_17-d2-HOM-UHI-ab9213e738-r2,2,TWO_STAGE_RH,SA,savings,proportional_savings,2,106.93337809728366,0.19393169815553551,112.49757431528043,-5.564196217996766,22356.48580934113,0.21215638337757495,21506.001047190017,850.4847621511144,109.63393635830177,-2.7005582610181023,3,5,105.9112688840211,20912.168771046592,211.0856186077632,39360.28883976067,105.17434972374211,18448.12006871408,5.105072479349033,2627.357796642689
oos_experiment,shared_battery_mode_node_level_v1,SI-Drahi_17-d2-HOM-UHI-BLO-e181d0fa1c,TK-PB-Drahi_17-d2-HOM-UHI-ab9213e738-r2,2,TWO_STAGE_RH,SA,savings,proportional_savings,3,105.17434972374211,0.19074156832278735,108.46829614492513,-3.2939464211830227,21630.750511628197,0.20526937182462815,20847.6241753009,783.1263363272956,114.28468595447805,-9.110336230735939,1,3,106.93337809728366,21630.750511628197,318.0189967050469,60991.03935138887,105.17434972374211,18448.12006871408,5.105072479349033,2627.357796642689
oos_experiment,shared_battery_mode_node_level_v1,SI-Drahi_17-d2-HOM-UHI-BLO-e181d0fa1c,TK-PB-Drahi_17-d2-HOM-UHI-ab9213e738-r2,2,TWO_STAGE_RH,SA,savings,proportional_savings,4,107.10005364791324,0.19423397676255003,111.2925381264075,-4.192484478494265,22029.864166053856,0.20905684138499062,21269.84844831415,760.015717739705,110.19831352842127,-3.0982598805080244,4,4,107.10005364791324,22029.864166053856,425.11905035296013,83020.90351744273,105.17434972374211,18448.12006871408,5.105072479349033,2627.357796642689
oos_experiment,shared_battery_mode_node_level_v1,SI-Drahi_17-d2-HOM-UHI-BLO-e181d0fa1c,TK-PB-Drahi_17-d2-HOM-UHI-ab9213e738-r2,2,TWO_STAGE_RH,SA,savings,proportional_savings,5,105.9112688840211,0.1920780264680284,106.20553805647677,-0.29426917245567097,20912.168771046592,0.19845024539558723,20290.37264727313,621.7961237734635,109.06711611027156,-3.155847226250458,2,2,126.27806066249558,22356.48580934113,551.3971110154557,105377.38932678386,105.17434972374211,18448.12006871408,5.105072479349033,2627.357796642689
oos_experiment,shared_battery_mode_node_level_v1,SI-Drahi_17-d2-HOM-UHI-BLO-e181d0fa1c,TK-PB-Drahi_17-d2-HOM-UHI-ab9213e738-r2,2,TWO_STAGE_RH,STATIC_DEMAND_SHARE,pv,static_share_residual,1,108.21305906398297,0.19625249552848992,112.93316437236585,-4.720105308382884,18803.968298681575,0.17844405160170493,21463.543008705667,-2659.5747100240915,108.21305906398297,0.0,1,1,108.21305906398297,18803.968298681575,108.21305906398297,18803.968298681575,108.21305906398297,18803.968298681575,2.066363139108148,2271.509566675202
oos_experiment,shared_battery_mode_node_level_v1,SI-Drahi_17-d2-HOM-UHI-BLO-e181d0fa1c,TK-PB-Drahi_17-d2-HOM-UHI-ab9213e738-r2,2,TWO_STAGE_RH,STATIC_DEMAND_SHARE,pv,static_share_residual,2,109.63393635830177,0.1988293630273096,112.4975743152804,-2.8636379569786357,21686.613767704082,0.20579949746574308,21506.001047190024,180.6127205140583,109.63393635830177,0.0,3,4,109.06711611027156,20359.898141795857,217.2801751742545,39163.86644047743,108.21305906398297,18803.968298681575,2.066363139108148,2271.509566675202
oos_experiment,shared_battery_mode_node_level_v1,SI-Drahi_17-d2-HOM-UHI-BLO-e181d0fa1c,TK-PB-Drahi_17-d2-HOM-UHI-ab9213e738-r2,2,TWO_STAGE_RH,STATIC_DEMAND_SHARE,pv,static_share_residual,3,114.28468595447805,0.20726384609453397,108.4682961449251,5.816389809552945,21203.41221945666,0.20121405886895857,20847.62417530091,355.78804415574996,114.28468595447805,0.0,5,3,109.63393635830177,21203.41221945666,326.91411153255626,60367.27865993409,108.21305906398297,18803.968298681575,2.066363139108148,2271.509566675202
oos_experiment,shared_battery_mode_node_level_v1,SI-Drahi_17-d2-HOM-UHI-BLO-e181d0fa1c,TK-PB-Drahi_17-d2-HOM-UHI-ab9213e738-r2,2,TWO_STAGE_RH,STATIC_DEMAND_SHARE,pv,static_share_residual,4,110.19831352842127,0.19985290333763178,111.29253812640749,-1.0942245979862264,20359.898141795857,0.19320936181725049,21269.84844831416,-909.9503065183017,110.19831352842127,0.0,4,2,110.19831352842127,21686.613767704082,437.11242506097756,82053.89242763817,108.21305906398297,18803.968298681575,2.066363139108148,2271.509566675202
oos_experiment,shared_battery_mode_node_level_v1,SI-Drahi_17-d2-HOM-UHI-BLO-e181d0fa1c,TK-PB-Drahi_17-d2-HOM-UHI-ab9213e738-r2,2,TWO_STAGE_RH,STATIC_DEMAND_SHARE,pv,static_share_residual,5,109.06711611027156,0.1978013920120347,106.20553805647675,2.8615780537948012,23323.496899145714,0.22133303024634293,20290.372647273136,3033.1242518725776,109.06711611027156,0.0,2,5,114.28468595447805,23323.496899145714,551.3971110154556,105377.38932678389,108.21305906398297,18803.968298681575,2.066363139108148,2271.509566675202
