InstanceNo,InstanceFile,NBstage,Childs,Periods,#scen,Theta,Avg_d,Dev_d,J,Fairness,InstFolder,Status,ExpectedCost,ScenarioCostExpected,ScenarioCostMin,ScenarioCostMax,RegretExpected,RegretMin,RegretMax,RunTimeSec,ModelSolveTimeSec
1,Drahi_1.csv,6,4,4,1024,0.2,100.0,10.0,5,SA,inst/inst2020,true,589822.229217683,589822.2292176824,451791.0323797919,706498.3197172943,0.48124958106247795,0.00018554503669568275,1.6339182140152613,5.340766191482544,1.35
1,Drahi_1.csv,6,4,4,1024,0.2,100.0,20.0,5,SA,inst/inst2020,true,636778.8290258495,636778.8290258523,522551.9689625142,745042.4691221378,0.6189939201720788,0.001008548548451694,1.852093904455334,2.9668259620666504,1.72
1,Drahi_1.csv,6,4,4,1024,0.6,100.0,10.0,5,SA,inst/inst2020,true,744504.1274608958,744504.1274608972,660335.6523600753,914745.3544408982,0.705451550002927,0.00044102296968329347,3.324285099711604,1.8653831481933594,0.8300000000000001
1,Drahi_1.csv,6,4,4,1024,0.6,100.0,20.0,5,SA,inst/inst2020,true,758344.1565790933,758344.1565790932,596704.9010883535,887142.9531370108,0.6893547455315954,6.993596457183064e-5,4.279614789987367,2.6161279678344727,1.38
1,Drahi_1.csv,6,4,4,1024,0.2,100.0,10.0,10,SA,inst/inst2020,true,1.505890329176501e6,1.5058903291765032e6,1.4441453223920534e6,1.5881787591410233e6,0.9314456885709965,7.61585205359221e-5,5.5534595903366455,6.834961891174316,4.140000000000001
1,Drahi_1.csv,6,4,4,1024,0.2,100.0,20.0,10,SA,inst/inst2020,true,1.4586282763696895e6,1.4586282763696888e6,1.3552098887973775e6,1.5971760573675383e6,0.8131371424195079,0.00020639058402379957,4.791822122054384,8.296903133392334,5.36
1,Drahi_1.csv,6,4,4,1024,0.6,100.0,10.0,10,SA,inst/inst2020,true,1.173865926720743e6,1.173865926720744e6,824121.9398327635,1.4738883472469626e6,0.5953118301609438,7.415866458414376e-5,2.618280720139998,7.866020202636719,4.53
1,Drahi_1.csv,6,4,4,1024,0.6,100.0,20.0,10,SA,inst/inst2020,true,1.4563728479186846e6,1.4563728479186832e6,1.1657692725650847e6,1.6323176229919605e6,0.8888600383637584,3.2078632838150034e-5,6.8545679235206896,13.352409839630127,7.18
2,Drahi_2.csv,6,4,4,1024,0.2,100.0,10.0,5,SA,inst/inst2020,true,660291.8470543807,660291.8470543821,590602.6145887967,719232.1549011751,0.5066608651126571,0.00040758636233578386,2.017054886069351,5.340993881225586,3.3200000000000003
2,Drahi_2.csv,6,4,4,1024,0.2,100.0,20.0,5,SA,inst/inst2020,true,648641.4833864339,648641.4833864347,560653.2346231925,727153.5715602249,0.6326103796396201,1.3486778383712599e-5,2.421673991304476,2.9482741355895996,1.6099999999999999
2,Drahi_2.csv,6,4,4,1024,0.6,100.0,10.0,5,SA,inst/inst2020,true,754833.5230523604,754833.5230523623,676986.6045883889,904779.9212495661,0.683464603046355,0.00026161651633349717,3.5317445456733116,2.810188055038452,1.65
2,Drahi_2.csv,6,4,4,1024,0.6,100.0,20.0,5,SA,inst/inst2020,true,554952.744761179,554952.7447611783,461468.93916889303,715258.6289843251,0.6429776004993805,1.465527819027486e-5,1.902088500276541,3.8494529724121094,2.4
2,Drahi_2.csv,6,4,4,1024,0.2,100.0,10.0,10,SA,inst/inst2020,true,1.3688133637233558e6,1.3688133637233581e6,1.3026950836262521e6,1.4439352640898407e6,0.8020614200574907,2.449750899608132e-5,3.8923453486778996,5.829612970352173,2.95
2,Drahi_2.csv,6,4,4,1024,0.2,100.0,20.0,10,SA,inst/inst2020,true,1.4190662158054432e6,1.4190662158054437e6,1.2822442632469358e6,1.584175683490011e6,0.7092325402483082,0.00016724706221275075,4.6967789938591755,6.746173143386841,3.8200000000000003
2,Drahi_2.csv,6,4,4,1024,0.6,100.0,10.0,10,SA,inst/inst2020,true,1.4323977317968656e6,1.4323977317968658e6,1.3478843378420977e6,1.5148850917240954e6,0.9992555539352385,0.0007050803298865894,4.436606291820103,8.85384464263916,5.74
2,Drahi_2.csv,6,4,4,1024,0.6,100.0,20.0,10,SA,inst/inst2020,true,1.5170376121067859e6,1.5170376121067854e6,1.410942408819395e6,1.6300716130718954e6,2.0717605483137076,0.0006675811150560608,42.007529000499126,13.60941481590271,8.36
3,Drahi_3.csv,6,4,4,1024,0.2,100.0,10.0,5,SA,inst/inst2020,true,607587.8899571392,607587.8899571383,519309.881329974,733335.5946222356,0.5245163355809657,0.0003198813346121964,1.9789038641156136,4.4969987869262695,3.07
3,Drahi_3.csv,6,4,4,1024,0.2,100.0,20.0,5,SA,inst/inst2020,true,689986.1528368834,689986.1528368848,570262.4707912923,817073.1156759815,0.6387033447058965,0.00019549057787949386,3.753018398970537,3.857815980911255,1.98
3,Drahi_3.csv,6,4,4,1024,0.6,100.0,10.0,5,SA,inst/inst2020,true,691744.2634275488,691744.2634275483,635622.0226959791,740233.4099528494,0.253912719722878,2.3401079266775342e-5,3.707447300137851,3.1139841079711914,1.7000000000000002
3,Drahi_3.csv,6,4,4,1024,0.6,100.0,20.0,5,SA,inst/inst2020,true,719181.1617300406,719181.1617300375,655224.2102173283,782554.4257908467,0.2577298891979518,3.165465825606593e-5,2.9187571773021315,3.7977092266082764,2.3
3,Drahi_3.csv,6,4,4,1024,0.2,100.0,10.0,10,SA,inst/inst2020,true,1.1995666452169858e6,1.1995666452169893e6,1.06554684010043e6,1.3344710244813778e6,0.6961672880337311,5.2121538305696985e-5,3.3439191295338837,6.241917133331299,3.44
3,Drahi_3.csv,6,4,4,1024,0.2,100.0,20.0,10,SA,inst/inst2020,true,1.4910709543887912e6,1.4910709543887894e6,1.3796080129585082e6,1.617791771189127e6,0.8466364872629183,0.00023421823499541667,3.801930901222361,7.886979818344116,5.109999999999999
3,Drahi_3.csv,6,4,4,1024,0.6,100.0,10.0,10,SA,inst/inst2020,true,1.5124443168283675e6,1.5124443168283694e6,1.340996615486984e6,1.6230519693609397e6,1.4896480178720886,0.00046787029683740796,55.94742201099633,7.152883052825928,4.33
3,Drahi_3.csv,6,4,4,1024,0.6,100.0,20.0,10,SA,inst/inst2020,true,1.296772471428173e6,1.2967724714281722e6,1.0723851814641384e6,1.4935657642086595e6,0.8381733402190177,9.440159397607525e-5,3.9112080090687216,13.40190315246582,8.280000000000001
4,Drahi_4.csv,6,4,4,1024,0.2,100.0,10.0,5,SA,inst/inst2020,true,410257.1802173439,410257.1802173438,366875.59620596934,513547.31783261616,0.7197854649179027,0.28742522502238027,1.4053693738556274,4.05368709564209,2.13
4,Drahi_4.csv,6,4,4,1024,0.2,100.0,20.0,5,SA,inst/inst2020,true,711710.2726526804,711710.2726526789,626377.2650127081,804735.3335526724,0.13554535108183147,3.4105774665914186e-5,0.7065165508301909,2.7208802700042725,1.3
4,Drahi_4.csv,6,4,4,1024,0.6,100.0,10.0,5,SA,inst/inst2020,true,782586.9391537636,782586.939153763,615916.9374668425,1.1463983034051904e6,0.5363424825304159,3.5028332529414298e-6,1.7533365490668957,3.776024103164673,2.5700000000000003
4,Drahi_4.csv,6,4,4,1024,0.6,100.0,20.0,5,SA,inst/inst2020,true,472272.1234355533,472272.1234355544,316819.8410429265,731396.663552868,0.5907645800791436,8.357421545399607e-5,2.907559693483036,3.6055219173431396,2.0700000000000003
4,Drahi_4.csv,6,4,4,1024,0.2,100.0,10.0,10,SA,inst/inst2020,true,1.4277306751286716e6,1.4277306751286716e6,1.3214062184651678e6,1.5472056202284256e6,0.8799194617460685,0.00011198724990365298,4.87366255234896,6.9084179401397705,4.0200000000000005
4,Drahi_4.csv,6,4,4,1024,0.2,100.0,20.0,10,SA,inst/inst2020,true,1.2647726571771277e6,1.2647726571771267e6,1.1032904925058999e6,1.4575963301049967e6,0.888324729559584,9.348813006033301e-5,4.445943757253885,7.3311028480529785,4.470000000000001
4,Drahi_4.csv,6,4,4,1024,0.6,100.0,10.0,10,SA,inst/inst2020,true,1.1068853139265338e6,1.1068853139265347e6,697374.3904971033,1.5559643407963559e6,0.7976442859954729,0.0005112719666933853,5.28561056054948,12.355516195297241,8.059999999999999
4,Drahi_4.csv,6,4,4,1024,0.6,100.0,20.0,10,SA,inst/inst2020,true,1.3398181808826867e6,1.3398181808826933e6,1.1291716535909134e6,1.5151920288309925e6,0.9268774238143563,0.00012199135844141943,8.512546022037638,9.313455820083618,4.58
5,Drahi_5.csv,6,4,4,1024,0.2,100.0,10.0,5,SA,inst/inst2020,true,472099.19624255935,472099.1962425596,392729.8994182736,630975.8018997527,0.683162776417877,0.001516880492224813,1.6693367256724418,3.358027219772339,1.9300000000000002
5,Drahi_5.csv,6,4,4,1024,0.2,100.0,20.0,5,SA,inst/inst2020,true,735789.1035147012,735789.1035146993,653896.2215062395,796720.413849796,0.1455771316420078,7.919765288805371e-5,0.7146686602674179,3.682110071182251,2.16
5,Drahi_5.csv,6,4,4,1024,0.6,100.0,10.0,5,SA,inst/inst2020,true,561979.446399107,561979.4463991065,374639.1636806319,779481.2097556501,0.7866483819526889,0.009611005942938601,2.7554720786660334,6.644295930862427,4.279999999999999
5,Drahi_5.csv,6,4,4,1024,0.6,100.0,20.0,5,SA,inst/inst2020,true,492875.878838693,492875.8788386924,352460.93618750956,736673.2072110112,0.7503501255057231,0.006383502847381671,1.5053187098293552,3.7105040550231934,2.16
5,Drahi_5.csv,6,4,4,1024,0.2,100.0,10.0,10,SA,inst/inst2020,true,1.1502043611183788e6,1.1502043611183777e6,936974.506969952,1.3660163443471782e6,0.7095240437046105,0.00036088493519075633,3.229993979872503,5.946892023086548,3.2
5,Drahi_5.csv,6,4,4,1024,0.2,100.0,20.0,10,SA,inst/inst2020,true,1.3152676524232854e6,1.3152676524232873e6,1.147522523258569e6,1.5116977393316957e6,0.8674938163631097,2.3379889945085894e-5,4.281199360853754,7.7407519817352295,4.1
5,Drahi_5.csv,6,4,4,1024,0.6,100.0,10.0,10,SA,inst/inst2020,true,1.1406094082336181e6,1.1406094082336193e6,816471.758021191,1.5680507566388673e6,0.9308145794530389,0.0003009249573018381,8.427388807193642,5.830992937088013,3.25
5,Drahi_5.csv,6,4,4,1024,0.6,100.0,20.0,10,SA,inst/inst2020,true,1.4154072272494475e6,1.4154072272494517e6,1.2074042653698754e6,1.5802787889434034e6,0.9217280553973157,1.0130337430263626e-5,8.660410798168456,7.451301097869873,3.49
6,Drahi_6.csv,6,4,4,1024,0.2,100.0,10.0,5,SA,inst/inst2020,true,724783.6357101889,724783.6357101884,642157.5109955398,862684.0372166507,0.5618592297683738,4.409699980469554e-5,2.2225671386082047,3.7336559295654297,2.16
6,Drahi_6.csv,6,4,4,1024,0.2,100.0,20.0,5,SA,inst/inst2020,true,754823.5204355759,754823.5204355753,618700.2013081481,881956.5351207699,0.6867594845038695,9.078126034414315e-5,3.470612711773915,5.671273708343506,4.02
6,Drahi_6.csv,6,4,4,1024,0.6,100.0,10.0,5,SA,inst/inst2020,true,779221.5005125463,779221.5005125463,603733.591838053,1.0209702931896596e6,0.6636726292919121,0.0021804629023387642,3.041245261421603,3.7567548751831055,2.27
6,Drahi_6.csv,6,4,4,1024,0.6,100.0,20.0,5,SA,inst/inst2020,true,719541.1913345978,719541.1913345973,554201.2274620003,1.0458632050494514e6,0.7136319501557423,5.622172293689226e-5,4.689751769059437,2.9438681602478027,1.57
6,Drahi_6.csv,6,4,4,1024,0.2,100.0,10.0,10,SA,inst/inst2020,true,1.2058064110138929e6,1.2058064110138947e6,978044.3858257026,1.3832738988632408e6,0.7234929027397559,4.786477599091387e-6,4.972301875790158,5.598121881484985,2.8099999999999996
6,Drahi_6.csv,6,4,4,1024,0.2,100.0,20.0,10,SA,inst/inst2020,true,1.2420786680887828e6,1.2420786680887835e6,956554.4359470934,1.509011658201702e6,0.8077483959789604,2.6523852463806078e-5,4.7600797155074375,5.857060194015503,2.9400000000000004
6,Drahi_6.csv,6,4,4,1024,0.6,100.0,10.0,10,SA,inst/inst2020,true,1.1490083444399522e6,1.1490083444399512e6,934848.6172507851,1.5024748232538905e6,0.8859057355350258,0.0004368348981533413,2.838146887789611,7.159569025039673,4.23
6,Drahi_6.csv,6,4,4,1024,0.6,100.0,20.0,10,SA,inst/inst2020,true,1.2013603083194485e6,1.2013603083194478e6,702593.1465637032,1.5472335311196246e6,0.7413808377123093,0.0015593233290955384,7.8033624149885075,7.960299253463745,3.63
7,Drahi_7.csv,6,4,4,1024,0.2,100.0,10.0,5,SA,inst/inst2020,true,483873.0160757743,483873.0160757743,390192.3360028014,675842.9306403495,0.7323919637663324,0.01529594388492784,2.0045861463860706,7.18310809135437,4.19
7,Drahi_7.csv,6,4,4,1024,0.2,100.0,20.0,5,SA,inst/inst2020,true,744839.2600346986,744839.260034701,683122.0930114691,802770.2577965071,0.2239547477807609,1.925263631382157e-5,1.045016288475867,3.336296319961548,1.78
7,Drahi_7.csv,6,4,4,1024,0.6,100.0,10.0,5,SA,inst/inst2020,true,740156.4873844795,740156.4873844795,564301.7575335766,1.0217205131354053e6,0.6833475701216687,0.0002663290222670703,3.6026006781566644,3.664113759994507,2.13
7,Drahi_7.csv,6,4,4,1024,0.6,100.0,20.0,5,SA,inst/inst2020,true,524524.754559692,524524.7545596934,330183.50231770927,767801.5553774717,0.6887376605831168,0.00036910711338240587,4.212612997251238,3.4400877952575684,1.97
7,Drahi_7.csv,6,4,4,1024,0.2,100.0,10.0,10,SA,inst/inst2020,true,1.168740551011644e6,1.168740551011642e6,989193.474895244,1.421909990949017e6,0.7070875607371317,0.0001647432563819694,2.936878002602935,6.2117760181427,3.34
7,Drahi_7.csv,6,4,4,1024,0.2,100.0,20.0,10,SA,inst/inst2020,true,1.1705742934675964e6,1.1705742934675966e6,1.0424521426646656e6,1.374001614655417e6,0.9344193642732307,6.933874743783656e-5,4.423359623572573,6.77048921585083,3.8
7,Drahi_7.csv,6,4,4,1024,0.6,100.0,10.0,10,SA,inst/inst2020,true,1.244395461704764e6,1.2443954617047624e6,799625.6973428796,1.5798023065112615e6,0.7098663069899828,1.959619197093061e-5,6.998269473793571,7.706335783004761,4.4
7,Drahi_7.csv,6,4,4,1024,0.6,100.0,20.0,10,SA,inst/inst2020,true,1.1809918781927754e6,1.1809918781927752e6,961348.8478164756,1.487269737585851e6,0.9074535175116921,0.001691070420897434,3.5468830160122566,12.645771026611328,7.84
8,Drahi_8.csv,6,4,4,1024,0.2,100.0,10.0,5,SA,inst/inst2020,true,759533.217252695,759533.2172526933,657190.6338070994,847875.7461917931,0.5877208647316734,0.0003703582935087918,2.3098915059620992,3.5171091556549072,1.9500000000000002
8,Drahi_8.csv,6,4,4,1024,0.2,100.0,20.0,5,SA,inst/inst2020,true,713484.39143072,713484.3914307203,646416.4119629727,799694.9536013271,0.11108845503153618,1.3102123117197324e-5,0.5352762531161146,3.2235188484191895,1.51
8,Drahi_8.csv,6,4,4,1024,0.6,100.0,10.0,5,SA,inst/inst2020,true,775552.3773394858,775552.3773394848,589077.3874297977,998406.6583188663,0.8746147295228561,7.746057719060462e-5,22.31299184300868,3.295891046524048,1.87
8,Drahi_8.csv,6,4,4,1024,0.6,100.0,20.0,5,SA,inst/inst2020,true,532257.4275492277,532257.4275492271,307698.35393653915,813987.8202327592,0.5898605299585398,9.99757966408445e-5,4.290233523510052,3.863018035888672,2.37
8,Drahi_8.csv,6,4,4,1024,0.2,100.0,10.0,10,SA,inst/inst2020,true,1.4815164719385903e6,1.4815164719385938e6,1.346919043002922e6,1.6973294686092932e6,0.7803873562159704,0.00011810205963546887,4.605448680769542,7.6756978034973145,4.859999999999999
8,Drahi_8.csv,6,4,4,1024,0.2,100.0,20.0,10,SA,inst/inst2020,true,1.3326044320851727e6,1.332604432085172e6,1.1693904040884934e6,1.4994168812639902e6,0.8610598364815735,0.00011409927191947151,3.1129846602511027,6.613313913345337,3.84
8,Drahi_8.csv,6,4,4,1024,0.6,100.0,10.0,10,SA,inst/inst2020,true,1.154370033382545e6,1.1543700333825403e6,946732.6759251613,1.5180706690810039e6,0.9555560430612063,0.0016184043892563161,4.285307954721618,8.306110143661499,5.04
8,Drahi_8.csv,6,4,4,1024,0.6,100.0,20.0,10,SA,inst/inst2020,true,1.1200078263595402e6,1.120007826359541e6,765200.0210744463,1.5514756071146475e6,0.7772608294376836,0.00017411767154504359,6.51604026120151,11.454665184020996,6.16
9,Drahi_9.csv,6,4,4,1024,0.2,100.0,10.0,5,SA,inst/inst2020,true,489758.5479554873,489758.5479554869,388315.1316180473,650063.386085355,0.6787725161302195,5.915257275686388e-6,2.55261773477073,3.117237091064453,1.4500000000000002
9,Drahi_9.csv,6,4,4,1024,0.2,100.0,20.0,5,SA,inst/inst2020,true,533249.1202317234,533249.120231722,403943.7535475919,674865.8761664619,0.5770891673740735,1.3766982486293513e-6,2.145276898841699,3.3085989952087402,1.8900000000000001
9,Drahi_9.csv,6,4,4,1024,0.6,100.0,10.0,5,SA,inst/inst2020,true,772372.1778362885,772372.1778362902,641672.8803947143,983640.3010183275,0.6966632373806193,2.9136121709299974e-5,4.200692635342091,2.6032280921936035,1.2
9,Drahi_9.csv,6,4,4,1024,0.6,100.0,20.0,5,SA,inst/inst2020,true,550015.3770925652,550015.377092566,278131.1671276938,841743.991529266,0.8244748284416274,3.1440732745492555e-5,61.85838660304052,3.7538528442382812,2.25
9,Drahi_9.csv,6,4,4,1024,0.2,100.0,10.0,10,SA,inst/inst2020,true,1.1542343821005723e6,1.154234382100571e6,1.0034418220616474e6,1.2714586173877763e6,0.8421007837175707,8.387779704420281e-5,2.6406712359375395,6.560981273651123,3.5300000000000002
9,Drahi_9.csv,6,4,4,1024,0.2,100.0,20.0,10,SA,inst/inst2020,true,1.3351893106325192e6,1.3351893106325218e6,1.1718509748971697e6,1.488157554924122e6,0.8899701933015235,0.00036560451598856725,3.617828156734857,6.990422010421753,4.04
9,Drahi_9.csv,6,4,4,1024,0.6,100.0,10.0,10,SA,inst/inst2020,true,1.284938652466817e6,1.284938652466816e6,824218.6905240889,1.51978272157479e6,0.8104699458306162,0.00018196560997587842,4.174735565393403,8.517559051513672,5.22
9,Drahi_9.csv,6,4,4,1024,0.6,100.0,20.0,10,SA,inst/inst2020,true,1.4260207977724175e6,1.4260207977724185e6,1.219201996327163e6,1.581021654726396e6,1.001139154009316,1.849523401972619e-5,8.916445773179987,13.026084899902344,7.84
10,Drahi_10.csv,6,4,4,1024,0.2,100.0,10.0,5,SA,inst/inst2020,true,502299.1108116149,502299.110811616,374550.7978058751,609944.7588454144,0.49515128228247424,0.0009675504549567762,1.3011469806616862,6.045874834060669,2.34
10,Drahi_10.csv,6,4,4,1024,0.2,100.0,20.0,5,SA,inst/inst2020,true,524398.1522205025,524398.1522205006,395680.1288736383,688814.2507432357,0.4230748390448975,0.00013037150243066183,1.7656552067178155,5.74109411239624,3.05
10,Drahi_10.csv,6,4,4,1024,0.6,100.0,10.0,5,SA,inst/inst2020,true,685441.761829533,685441.7618295348,602926.7885821883,739819.0004644843,0.13846100569082226,2.6676892965143713e-5,1.0956329519060262,5.94362473487854,3.92
10,Drahi_10.csv,6,4,4,1024,0.6,100.0,20.0,5,SA,inst/inst2020,true,774624.0518191692,774624.0518191683,651516.591306317,944882.4238556795,0.7710200312620296,5.156769819226846e-5,8.699987050631712,5.532556056976318,3.37
10,Drahi_10.csv,6,4,4,1024,0.2,100.0,10.0,10,SA,inst/inst2020,true,1.4366969028539842e6,1.4366969028539862e6,1.3428060926628744e6,1.5438862970837837e6,0.9928522900757096,4.525643325520717e-5,5.451639614183554,9.739121913909912,5.74
10,Drahi_10.csv,6,4,4,1024,0.2,100.0,20.0,10,SA,inst/inst2020,true,1.4894921067727855e6,1.489492106772785e6,1.393130595038205e6,1.5781419391739736e6,0.8556295249892462,7.984816092991871e-5,4.302546092184744,10.581308841705322,6.54
10,Drahi_10.csv,6,4,4,1024,0.6,100.0,10.0,10,SA,inst/inst2020,true,1.509407299653244e6,1.5094072996532435e6,1.3446523687831203e6,1.6316726629172994e6,1.8453693122303327,0.00010074629527805541,38.28574349869123,9.845405101776123,5.96
10,Drahi_10.csv,6,4,4,1024,0.6,100.0,20.0,10,SA,inst/inst2020,true,1.3750594047670525e6,1.3750594047670553e6,1.0949106205625813e6,1.5933197516914392e6,0.7616795371340068,7.497058227749713e-5,8.387046151528269,6.103671073913574,3.0
