InstanceNo,InstanceFile,NBstage,Childs,Periods,Theta,Avg_d,Dev_d,DemandProfile,J,BatteryScale,PVScale,Fairness,InstFolder,InstanceID,Status,ExpectedCost,ScenarioCostExpected,ScenarioCostMin,ScenarioCostMax,RegretExpected,RegretMin,RegretMax,RunTimeSec,ModelSolveTimeSec
1,Drahi_1.csv,6,6,4,0.2,100.0,10.0,mixed,5,1.0,1.0,LEXMMFSA,/home/franco/Documentos/Multistage Energy/Code_stochastique/codes/inst/inst2020,5_37324,true,736448.4130841474,736448.4130843083,665856.3963833693,840013.7987152892,0.3638030935582571,1.5843070351107888e-5,1.4746561848659114,30.83941888809204,26.74
1,Drahi_1.csv,6,6,4,0.2,100.0,20.0,mixed,5,1.0,1.0,LEXMMFSA,/home/franco/Documentos/Multistage Energy/Code_stochastique/codes/inst/inst2020,5_37324,true,690570.2196291393,690570.2196293112,608301.9078152657,784254.1464649618,0.34300655218289816,7.561465483350187e-6,1.8695645335382824,148.1744899749756,142.09
1,Drahi_1.csv,6,6,4,0.6,100.0,10.0,mixed,5,1.0,1.0,LEXMMFSA,/home/franco/Documentos/Multistage Energy/Code_stochastique/codes/inst/inst2020,5_37324,true,701609.3006628688,701609.3006630155,556167.5257653905,831761.5692715839,0.6350445192562768,5.728107322804431e-6,7.755299064730884,72.9318630695343,67.57
1,Drahi_1.csv,6,6,4,0.6,100.0,20.0,mixed,5,1.0,1.0,LEXMMFSA,/home/franco/Documentos/Multistage Energy/Code_stochastique/codes/inst/inst2020,5_37324,true,723758.5475595612,723758.5475595639,635749.337067645,922330.7700927536,0.521544843444862,0.0003864007244026422,2.7597434595583246,39.05413603782654,35.15
1,Drahi_1.csv,6,6,4,0.2,100.0,10.0,mixed,10,1.0,1.0,LEXMMFSA,/home/franco/Documentos/Multistage Energy/Code_stochastique/codes/inst/inst2020,10_37324,true,1.4206438352245355e6,1.420643835224616e6,1.3337582705730493e6,1.516162581629774e6,0.9283182772192567,4.230309035705006e-5,6.157914173331087,286.3147909641266,271.87
1,Drahi_1.csv,6,6,4,0.2,100.0,20.0,mixed,10,1.0,1.0,LEXMMFSA,/home/franco/Documentos/Multistage Energy/Code_stochastique/codes/inst/inst2020,10_37324,true,1.5314223203797222e6,1.531422320379765e6,1.3867966827344913e6,1.6611532875139453e6,0.8484843837265934,1.9290683393314313e-5,5.240095879604255,304.43358302116394,292.22
1,Drahi_1.csv,6,6,4,0.6,100.0,10.0,mixed,10,1.0,1.0,LEXMMFSA,/home/franco/Documentos/Multistage Energy/Code_stochastique/codes/inst/inst2020,10_37324,true,1.4481019007463057e6,1.4481019007465201e6,1.3449312238255881e6,1.5588428966306641e6,0.8491109696674393,3.201293645980374e-5,9.438646729366624,421.33041501045227,413.51
1,Drahi_1.csv,6,6,4,0.6,100.0,20.0,mixed,10,1.0,1.0,LEXMMFSA,/home/franco/Documentos/Multistage Energy/Code_stochastique/codes/inst/inst2020,10_37324,true,1.450019365879812e6,1.450019365879837e6,1.3197727416275467e6,1.62506018945356e6,1.7215969440610475,1.2004562346326618e-5,270.7424071883716,472.31743025779724,464.1
2,Drahi_2.csv,6,6,4,0.2,100.0,10.0,mixed,5,1.0,1.0,LEXMMFSA,/home/franco/Documentos/Multistage Energy/Code_stochastique/codes/inst/inst2020,5_37324,true,740229.3987470308,740229.3987469783,679119.1064062256,806010.0567010455,0.29483025038019967,2.932002654008154e-5,1.8813305848979993,96.36220192909241,91.46
2,Drahi_2.csv,6,6,4,0.2,100.0,20.0,mixed,5,1.0,1.0,LEXMMFSA,/home/franco/Documentos/Multistage Energy/Code_stochastique/codes/inst/inst2020,5_37324,true,717499.182633183,717499.1826332276,607481.3871758967,816484.3617102966,0.5695075556973991,1.4908212755487937e-5,4.192672846086793,335.40511178970337,328.7
2,Drahi_2.csv,6,6,4,0.6,100.0,10.0,mixed,5,1.0,1.0,LEXMMFSA,/home/franco/Documentos/Multistage Energy/Code_stochastique/codes/inst/inst2020,5_37324,true,693698.1815311209,693698.1815311741,528873.0058514273,799047.2025867308,2.603566556162193,6.934870369505216e-6,964.7572200708713,125.53823709487915,116.3
2,Drahi_2.csv,6,6,4,0.6,100.0,20.0,mixed,5,1.0,1.0,LEXMMFSA,/home/franco/Documentos/Multistage Energy/Code_stochastique/codes/inst/inst2020,5_37324,true,668428.200788599,668428.2007885905,601410.1754882246,755919.9014285633,0.33452741940838526,5.629882575802285e-5,2.118177716154851,41.43455624580383,35.51
2,Drahi_2.csv,6,6,4,0.2,100.0,10.0,mixed,10,1.0,1.0,LEXMMFSA,/home/franco/Documentos/Multistage Energy/Code_stochastique/codes/inst/inst2020,10_37324,true,1.442965356640999e6,1.4429653566411305e6,1.3692381137790526e6,1.5276067213365417e6,0.6180300506722515,3.3535930216391265e-6,3.458870185747764,398.39608097076416,383.89
2,Drahi_2.csv,6,6,4,0.2,100.0,20.0,mixed,10,1.0,1.0,LEXMMFSA,/home/franco/Documentos/Multistage Energy/Code_stochastique/codes/inst/inst2020,10_37324,true,1.494015400637571e6,1.494015400637642e6,1.363427231818014e6,1.6280829764978185e6,0.9352850221477466,1.0368716593952425e-5,38.45133011406694,230.60153222084045,218.52
2,Drahi_2.csv,6,6,4,0.6,100.0,10.0,mixed,10,1.0,1.0,LEXMMFSA,/home/franco/Documentos/Multistage Energy/Code_stochastique/codes/inst/inst2020,10_37324,true,1.5110993607524228e6,1.511099360752493e6,1.3917723298396165e6,1.5952523998512302e6,4.526038465115935,0.00011952789226168895,2080.9303519809014,609.1913230419159,598.22
2,Drahi_2.csv,6,6,4,0.6,100.0,20.0,mixed,10,1.0,1.0,LEXMMFSA,/home/franco/Documentos/Multistage Energy/Code_stochastique/codes/inst/inst2020,10_37324,true,1.4085893656681722e6,1.4085893656683227e6,1.217054607950189e6,1.5907936273173727e6,1.1351412493794046,1.2372161136412407e-6,49.89937039790218,302.6844654083252,289.34
3,Drahi_3.csv,6,6,4,0.2,100.0,10.0,mixed,5,1.0,1.0,LEXMMFSA,/home/franco/Documentos/Multistage Energy/Code_stochastique/codes/inst/inst2020,5_37324,true,665614.988443946,665614.9884439447,588821.1850258323,763500.0359181401,0.3574092086186524,1.5403406400501483e-6,1.927847212750096,104.63372921943665,100.3
3,Drahi_3.csv,6,6,4,0.2,100.0,20.0,mixed,5,1.0,1.0,LEXMMFSA,/home/franco/Documentos/Multistage Energy/Code_stochastique/codes/inst/inst2020,5_37324,true,762220.8867625442,762220.8867625507,694150.0980989888,859894.9275258731,0.49244088177293865,0.00023960338991657485,3.0039764475760715,33.63201451301575,28.85
3,Drahi_3.csv,6,6,4,0.6,100.0,10.0,mixed,5,1.0,1.0,LEXMMFSA,/home/franco/Documentos/Multistage Energy/Code_stochastique/codes/inst/inst2020,5_37324,true,717457.2252340792,717457.2252340764,611414.4191411298,967836.530999904,1.3456355097329165,0.00018387493897713695,225.78041316839114,42.61794900894165,38.32
3,Drahi_3.csv,6,6,4,0.6,100.0,20.0,mixed,5,1.0,1.0,LEXMMFSA,/home/franco/Documentos/Multistage Energy/Code_stochastique/codes/inst/inst2020,5_37324,true,772948.6230455413,772948.6230455239,646183.3322044043,977397.4673952123,1.097614494096748,7.43739744784215e-5,78.0734728313352,48.24951195716858,41.89
3,Drahi_3.csv,6,6,4,0.2,100.0,10.0,mixed,10,1.0,1.0,LEXMMFSA,/home/franco/Documentos/Multistage Energy/Code_stochastique/codes/inst/inst2020,10_37324,true,1.4261312214573086e6,1.4261312214572893e6,1.354630915834362e6,1.5153309954261263e6,0.7593380516536059,3.746208170620733e-5,5.670275450056791,344.4187641143799,334.02
3,Drahi_3.csv,6,6,4,0.2,100.0,20.0,mixed,10,1.0,1.0,LEXMMFSA,/home/franco/Documentos/Multistage Energy/Code_stochastique/codes/inst/inst2020,10_37324,true,1.4436578834752375e6,1.4436578834752725e6,1.2801746027640537e6,1.5974856808417123e6,0.7690303784160788,0.00010512939496575435,4.289030263827917,355.470162153244,340.78
3,Drahi_3.csv,6,6,4,0.6,100.0,10.0,mixed,10,1.0,1.0,LEXMMFSA,/home/franco/Documentos/Multistage Energy/Code_stochastique/codes/inst/inst2020,10_37324,true,1.5143978783993681e6,1.5143978783993642e6,1.392347937594179e6,1.7659805179885828e6,1.8063343449765203,1.757262121152377e-5,133.27183678998506,499.5274314880371,488.59
3,Drahi_3.csv,6,6,4,0.6,100.0,20.0,mixed,10,1.0,1.0,LEXMMFSA,/home/franco/Documentos/Multistage Energy/Code_stochastique/codes/inst/inst2020,10_37324,true,1.4272500772768399e6,1.4272500772769647e6,1.174016910652031e6,1.6581637004994196e6,1.30577395179562,1.3101539041168025e-5,30.766227679186514,411.03312611579895,398.84
4,Drahi_4.csv,6,6,4,0.2,100.0,10.0,mixed,5,1.0,1.0,LEXMMFSA,/home/franco/Documentos/Multistage Energy/Code_stochastique/codes/inst/inst2020,5_37324,true,711508.7955749222,711508.7955749637,647454.6359205473,766123.916359076,0.09549968742745693,2.242312252966011e-6,0.7692783019650677,44.19246459007263,38.21
4,Drahi_4.csv,6,6,4,0.2,100.0,20.0,mixed,5,1.0,1.0,LEXMMFSA,/home/franco/Documentos/Multistage Energy/Code_stochastique/codes/inst/inst2020,5_37324,true,681826.3649555102,681826.3649556274,595061.8589723817,822123.7175059059,0.3098358568584434,1.7348365467319223e-5,2.2493153391697134,52.96325421333313,48.29
4,Drahi_4.csv,6,6,4,0.6,100.0,10.0,mixed,5,1.0,1.0,LEXMMFSA,/home/franco/Documentos/Multistage Energy/Code_stochastique/codes/inst/inst2020,5_37324,true,918696.9051704108,918696.9051707644,616182.8574173084,1.5238277014008735e6,0.860012984641632,1.4889759495533299e-5,12.09061003533187,196.7914731502533,190.23
4,Drahi_4.csv,6,6,4,0.6,100.0,20.0,mixed,5,1.0,1.0,LEXMMFSA,/home/franco/Documentos/Multistage Energy/Code_stochastique/codes/inst/inst2020,5_37324,true,673886.8647045973,673886.8647047766,548437.2172633648,803927.703608672,0.13174789688968516,6.115018481877605e-7,1.7869851673815087,280.4815263748169,275.68
4,Drahi_4.csv,6,6,4,0.2,100.0,10.0,mixed,10,1.0,1.0,LEXMMFSA,/home/franco/Documentos/Multistage Energy/Code_stochastique/codes/inst/inst2020,10_37324,true,1.4872876589885862e6,1.487287658988531e6,1.4125241500058065e6,1.581420217529682e6,0.7820807827635077,2.383432211789222e-5,6.586198771771938,288.9054665565491,277.39
4,Drahi_4.csv,6,6,4,0.2,100.0,20.0,mixed,10,1.0,1.0,LEXMMFSA,/home/franco/Documentos/Multistage Energy/Code_stochastique/codes/inst/inst2020,10_37324,true,1.4313660395978165e6,1.431366039597909e6,1.2928562496060852e6,1.5469968527678926e6,0.639560414254255,1.299564503853407e-5,5.206815244570316,241.27567434310913,228.94
4,Drahi_4.csv,6,6,4,0.6,100.0,10.0,mixed,10,1.0,1.0,LEXMMFSA,/home/franco/Documentos/Multistage Energy/Code_stochastique/codes/inst/inst2020,10_37324,true,1.5787718584671754e6,1.5787718584673593e6,1.3364328439029024e6,1.9904130676105788e6,2.6462404296133895,1.0120748869608348e-5,637.0216738085297,432.51474380493164,421.15
4,Drahi_4.csv,6,6,4,0.6,100.0,20.0,mixed,10,1.0,1.0,LEXMMFSA,/home/franco/Documentos/Multistage Energy/Code_stochastique/codes/inst/inst2020,10_37324,true,1.4389616838301588e6,1.438961683830222e6,1.2845218652116274e6,1.5992408681793208e6,3.5325329969339627,2.7426390650986086e-6,2939.9142954184886,384.07027411460876,372.88
5,Drahi_5.csv,6,6,4,0.2,100.0,10.0,mixed,5,1.0,1.0,LEXMMFSA,/home/franco/Documentos/Multistage Energy/Code_stochastique/codes/inst/inst2020,5_37324,true,792391.9741129309,792391.974113157,652436.8404119841,985089.5047403983,0.49664522751690005,9.101567677070495e-6,3.2210151116581014,154.5276517868042,148.98
5,Drahi_5.csv,6,6,4,0.2,100.0,20.0,mixed,5,1.0,1.0,LEXMMFSA,/home/franco/Documentos/Multistage Energy/Code_stochastique/codes/inst/inst2020,5_37324,true,785945.3582093425,785945.3582094028,614242.2946615831,933495.4474790255,0.46636580840578035,5.782288667924135e-7,3.6573460881671283,222.82324290275574,217.36
5,Drahi_5.csv,6,6,4,0.6,100.0,10.0,mixed,5,1.0,1.0,LEXMMFSA,/home/franco/Documentos/Multistage Energy/Code_stochastique/codes/inst/inst2020,5_37324,true,914292.3023217208,914292.3023216994,659781.488207875,1.7993955586238406e6,0.5960012231175775,2.408480554441858e-5,2.798469764742146,54.36032319068909,49.1
5,Drahi_5.csv,6,6,4,0.6,100.0,20.0,mixed,5,1.0,1.0,LEXMMFSA,/home/franco/Documentos/Multistage Energy/Code_stochastique/codes/inst/inst2020,5_37324,true,919358.9708673058,919358.970867498,653083.232899658,1.6322232216392923e6,0.9590226264052985,9.279907221615909e-7,16.16980302369275,53.576974391937256,49.23
5,Drahi_5.csv,6,6,4,0.2,100.0,10.0,mixed,10,1.0,1.0,LEXMMFSA,/home/franco/Documentos/Multistage Energy/Code_stochastique/codes/inst/inst2020,10_37324,true,1.3366652201162525e6,1.3366652201163578e6,1.2392389523316128e6,1.4393894360902836e6,0.5818108839548547,2.972100510209347e-6,3.4787263396259007,476.30758452415466,463.21
5,Drahi_5.csv,6,6,4,0.2,100.0,20.0,mixed,10,1.0,1.0,LEXMMFSA,/home/franco/Documentos/Multistage Energy/Code_stochastique/codes/inst/inst2020,10_37324,true,1.4991366929393336e6,1.499136692939362e6,1.3816619622271808e6,1.610840306250751e6,0.16113374874680925,2.9905073313378527e-6,1.1362083162239127,233.70227718353271,220.18
5,Drahi_5.csv,6,6,4,0.6,100.0,10.0,mixed,10,1.0,1.0,LEXMMFSA,/home/franco/Documentos/Multistage Energy/Code_stochastique/codes/inst/inst2020,10_37324,true,1.5371090334738842e6,1.5371090334738486e6,1.3719538471547863e6,1.785451016871395e6,3.7802575928940247,7.554388649285618e-5,1167.2928649837183,566.1535229682922,554.9
5,Drahi_5.csv,6,6,4,0.6,100.0,20.0,mixed,10,1.0,1.0,LEXMMFSA,/home/franco/Documentos/Multistage Energy/Code_stochastique/codes/inst/inst2020,10_37324,true,1.504515978777155e6,1.5045159787771816e6,1.327568971005578e6,1.763193626152339e6,3.7297406167622436,1.3914991029415808e-5,904.5449206914685,399.53981471061707,388.01
6,Drahi_6.csv,6,6,4,0.2,100.0,10.0,mixed,5,1.0,1.0,LEXMMFSA,/home/franco/Documentos/Multistage Energy/Code_stochastique/codes/inst/inst2020,5_37324,true,605455.1981051565,605455.1981051537,487366.3215176073,748696.4183699989,0.30006995844992274,4.130836286509212e-5,4.700337711930072,22.840710163116455,19.5
6,Drahi_6.csv,6,6,4,0.2,100.0,20.0,mixed,5,1.0,1.0,LEXMMFSA,/home/franco/Documentos/Multistage Energy/Code_stochastique/codes/inst/inst2020,5_37324,true,686442.4778999144,686442.4779001779,588904.3015202307,798115.9553760486,0.427093322509752,1.8037501496560767e-5,4.386867521542993,158.72853088378906,155.31
6,Drahi_6.csv,6,6,4,0.6,100.0,10.0,mixed,5,1.0,1.0,LEXMMFSA,/home/franco/Documentos/Multistage Energy/Code_stochastique/codes/inst/inst2020,5_37324,true,839402.0364653544,839402.0364652182,641466.4346963847,1.2549914086735335e6,4.349265023983727,0.00011462441411208563,3498.0685686499055,151.50876712799072,147.61
6,Drahi_6.csv,6,6,4,0.6,100.0,20.0,mixed,5,1.0,1.0,LEXMMFSA,/home/franco/Documentos/Multistage Energy/Code_stochastique/codes/inst/inst2020,5_37324,true,887680.4360869257,887680.4360869378,711503.266529728,1.457830754522292e6,1.390241596618813,0.00010049645518911717,16.249802173551892,32.80614185333252,28.8
6,Drahi_6.csv,6,6,4,0.2,100.0,10.0,mixed,10,1.0,1.0,LEXMMFSA,/home/franco/Documentos/Multistage Energy/Code_stochastique/codes/inst/inst2020,10_37324,true,1.347375740154068e6,1.3473757401541942e6,1.2428069063235684e6,1.4830489256832697e6,0.6124787083057215,1.361363252679149e-5,4.608788720945429,241.08406567573547,230.88
6,Drahi_6.csv,6,6,4,0.2,100.0,20.0,mixed,10,1.0,1.0,LEXMMFSA,/home/franco/Documentos/Multistage Energy/Code_stochastique/codes/inst/inst2020,10_37324,true,1.3651204510475849e6,1.3651204510475446e6,1.2110003751603102e6,1.5064869195621575e6,0.5841849444330706,1.7050322775873448e-6,4.387900127479226,192.3576045036316,185.27
6,Drahi_6.csv,6,6,4,0.6,100.0,10.0,mixed,10,1.0,1.0,LEXMMFSA,/home/franco/Documentos/Multistage Energy/Code_stochastique/codes/inst/inst2020,10_37324,true,1.407005018086473e6,1.4070050180864688e6,1.178753867801764e6,1.6084273116789276e6,0.6604064362292981,6.425438624522968e-6,8.626499194152348,104.42120218276978,97.19
6,Drahi_6.csv,6,6,4,0.6,100.0,20.0,mixed,10,1.0,1.0,LEXMMFSA,/home/franco/Documentos/Multistage Energy/Code_stochastique/codes/inst/inst2020,10_37324,true,1.5437721506898697e6,1.543772150689912e6,1.3734047818801263e6,1.9611998816740427e6,2.8992361157902042,1.1620647997342073e-5,1132.0065146946895,156.26772785186768,149.1
7,Drahi_7.csv,6,6,4,0.2,100.0,10.0,mixed,5,1.0,1.0,LEXMMFSA,/home/franco/Documentos/Multistage Energy/Code_stochastique/codes/inst/inst2020,5_37324,true,703151.8574924866,703151.8574925016,664006.5158698474,751571.3540888989,0.09442905819886907,2.0182899864786128e-5,0.7588017655907693,26.39455246925354,23.13
7,Drahi_7.csv,6,6,4,0.2,100.0,20.0,mixed,5,1.0,1.0,LEXMMFSA,/home/franco/Documentos/Multistage Energy/Code_stochastique/codes/inst/inst2020,5_37324,true,853007.560823039,853007.5608230196,681758.3046489778,1.201949951838978e6,0.48742493783932456,5.462024441765648e-7,3.0594161163388174,30.338250160217285,27.17
7,Drahi_7.csv,6,6,4,0.6,100.0,10.0,mixed,5,1.0,1.0,LEXMMFSA,/home/franco/Documentos/Multistage Energy/Code_stochastique/codes/inst/inst2020,5_37324,true,875565.6579745386,875565.657974163,620673.9362429839,1.3746461620257313e6,4.321357557177853,1.126746613040514e-5,6237.822504070639,129.08279085159302,125.81
7,Drahi_7.csv,6,6,4,0.6,100.0,20.0,mixed,5,1.0,1.0,LEXMMFSA,/home/franco/Documentos/Multistage Energy/Code_stochastique/codes/inst/inst2020,5_37324,true,635091.0005004134,635091.000500499,493647.9975472159,873216.3718326085,0.31257393509065373,3.7429621323837524e-5,2.027717270177814,98.61375212669373,94.95
7,Drahi_7.csv,6,6,4,0.2,100.0,10.0,mixed,10,1.0,1.0,LEXMMFSA,/home/franco/Documentos/Multistage Energy/Code_stochastique/codes/inst/inst2020,10_37324,true,1.4572769930734348e6,1.4572769930735482e6,1.312797379060752e6,1.6265207946766657e6,0.5759428947786827,1.3861097239367893e-5,4.410589486258506,468.46109104156494,454.5
7,Drahi_7.csv,6,6,4,0.2,100.0,20.0,mixed,10,1.0,1.0,LEXMMFSA,/home/franco/Documentos/Multistage Energy/Code_stochastique/codes/inst/inst2020,10_37324,true,1.3929781698058047e6,1.392978169805873e6,1.258542210082885e6,1.5405456975586715e6,0.6024616363024988,1.4787121374702407e-5,8.510988080403678,282.9112024307251,269.98
7,Drahi_7.csv,6,6,4,0.6,100.0,10.0,mixed,10,1.0,1.0,LEXMMFSA,/home/franco/Documentos/Multistage Energy/Code_stochastique/codes/inst/inst2020,10_37324,true,1.5342790677838204e6,1.5342790677839795e6,1.3073190304867076e6,1.8643691488869223e6,0.8504696154101725,2.2803124178765857e-5,11.708030473392414,303.9411039352417,290.75
7,Drahi_7.csv,6,6,4,0.6,100.0,20.0,mixed,10,1.0,1.0,LEXMMFSA,/home/franco/Documentos/Multistage Energy/Code_stochastique/codes/inst/inst2020,10_37324,true,1.3109635781093612e6,1.3109635781095438e6,1.010373362871258e6,1.5766296436519893e6,0.5369431064507836,7.258977596229477e-6,6.9308217637314185,257.3412244319916,249.29
8,Drahi_8.csv,6,6,4,0.2,100.0,10.0,mixed,5,1.0,1.0,LEXMMFSA,/home/franco/Documentos/Multistage Energy/Code_stochastique/codes/inst/inst2020,5_37324,true,664192.4613486787,664192.4613488761,564276.2751791978,849307.6125055071,0.3476273691633732,1.9273963534449168e-5,1.70515988339827,235.982568025589,232.35
8,Drahi_8.csv,6,6,4,0.2,100.0,20.0,mixed,5,1.0,1.0,LEXMMFSA,/home/franco/Documentos/Multistage Energy/Code_stochastique/codes/inst/inst2020,5_37324,true,609870.8032030618,609870.8032030629,518443.82684577873,729978.6431928714,0.21047993958041764,1.2564408850673573e-5,1.1806632621554827,30.634960174560547,27.0
8,Drahi_8.csv,6,6,4,0.6,100.0,10.0,mixed,5,1.0,1.0,LEXMMFSA,/home/franco/Documentos/Multistage Energy/Code_stochastique/codes/inst/inst2020,5_37324,true,987268.9911995372,987268.9911994998,709482.9429389434,1.5491062534907067e6,0.4966964292045783,3.249985088365062e-7,2.664378019905968,276.8386170864105,273.61
8,Drahi_8.csv,6,6,4,0.6,100.0,20.0,mixed,5,1.0,1.0,LEXMMFSA,/home/franco/Documentos/Multistage Energy/Code_stochastique/codes/inst/inst2020,5_37324,true,930369.5225145005,930369.5225148778,649401.0750540822,1.6186127804503893e6,0.7222397882698176,2.207375039104504e-6,3.5501148139393957,30.735795974731445,27.14
8,Drahi_8.csv,6,6,4,0.2,100.0,10.0,mixed,10,1.0,1.0,LEXMMFSA,/home/franco/Documentos/Multistage Energy/Code_stochastique/codes/inst/inst2020,10_37324,true,1.4047423173281183e6,1.4047423173282829e6,1.3165744497643749e6,1.4864762462090324e6,0.5707583487874551,1.9896119454349333e-5,3.125462008464178,332.2676627635956,324.04
8,Drahi_8.csv,6,6,4,0.2,100.0,20.0,mixed,10,1.0,1.0,LEXMMFSA,/home/franco/Documentos/Multistage Energy/Code_stochastique/codes/inst/inst2020,10_37324,true,1.4803749537283091e6,1.480374953728183e6,1.3591002327784155e6,1.6457470337784397e6,0.6710152264263585,2.5704389479862187e-5,5.8823078949415635,449.71380710601807,442.02
8,Drahi_8.csv,6,6,4,0.6,100.0,10.0,mixed,10,1.0,1.0,LEXMMFSA,/home/franco/Documentos/Multistage Energy/Code_stochastique/codes/inst/inst2020,10_37324,true,1.5552024462379948e6,1.5552024462380197e6,1.3532501087798823e6,2.1158985492614564e6,3.638749939253848,1.7955229616835704e-5,3373.830935598087,202.2169017791748,190.94
8,Drahi_8.csv,6,6,4,0.6,100.0,20.0,mixed,10,1.0,1.0,LEXMMFSA,/home/franco/Documentos/Multistage Energy/Code_stochastique/codes/inst/inst2020,10_37324,true,1.4810711586023036e6,1.4810711586022147e6,1.284795333561844e6,1.7117619845266799e6,6.789448084837027,9.346402216350432e-6,2409.1467511937085,204.47141194343567,194.97
9,Drahi_9.csv,6,6,4,0.2,100.0,10.0,mixed,5,1.0,1.0,LEXMMFSA,/home/franco/Documentos/Multistage Energy/Code_stochastique/codes/inst/inst2020,5_37324,true,818286.105062271,818286.1050623783,676907.043674374,996791.7328692534,0.4074864544925329,9.332059378168372e-8,2.643939335999511,183.25286388397217,179.81
9,Drahi_9.csv,6,6,4,0.2,100.0,20.0,mixed,5,1.0,1.0,LEXMMFSA,/home/franco/Documentos/Multistage Energy/Code_stochastique/codes/inst/inst2020,5_37324,true,795151.4774495374,795151.4774495669,669646.8910837474,1.002141584846751e6,0.4423777015312956,1.2709963702254353e-5,2.592801802915011,129.3165798187256,125.9
9,Drahi_9.csv,6,6,4,0.6,100.0,10.0,mixed,5,1.0,1.0,LEXMMFSA,/home/franco/Documentos/Multistage Energy/Code_stochastique/codes/inst/inst2020,5_37324,true,948260.3591926111,948260.3591926376,710647.1571995215,1.3864350273797123e6,0.5809194179461903,1.5247855712529821e-5,3.5481673604825335,122.73252892494202,119.22
9,Drahi_9.csv,6,6,4,0.6,100.0,20.0,mixed,5,1.0,1.0,LEXMMFSA,/home/franco/Documentos/Multistage Energy/Code_stochastique/codes/inst/inst2020,5_37324,true,721543.1385074502,721543.1385074647,578701.7422726923,816599.1784513703,3.384859518954588,2.161436577343156e-5,1215.6244205259497,119.16108655929565,115.86
9,Drahi_9.csv,6,6,4,0.2,100.0,10.0,mixed,10,1.0,1.0,LEXMMFSA,/home/franco/Documentos/Multistage Energy/Code_stochastique/codes/inst/inst2020,10_37324,true,1.3862373801350158e6,1.386237380135263e6,1.3045515060401508e6,1.4804377760106365e6,0.5086911057222807,1.1858686308017757e-5,2.3168507981308952,324.39626145362854,316.18
9,Drahi_9.csv,6,6,4,0.2,100.0,20.0,mixed,10,1.0,1.0,LEXMMFSA,/home/franco/Documentos/Multistage Energy/Code_stochastique/codes/inst/inst2020,10_37324,true,1.4264887544073306e6,1.4264887544075032e6,1.2957771685141847e6,1.5599847778207548e6,0.593155147356311,1.438943634715811e-6,4.187105847798674,240.2696659564972,232.73
9,Drahi_9.csv,6,6,4,0.6,100.0,10.0,mixed,10,1.0,1.0,LEXMMFSA,/home/franco/Documentos/Multistage Energy/Code_stochastique/codes/inst/inst2020,10_37324,true,1.4886866195197995e6,1.488686619519908e6,1.2972091530550665e6,1.629607705909731e6,3.297951261561914,1.5099723684790554e-5,1064.832558154847,747.2438900470734,731.12
9,Drahi_9.csv,6,6,4,0.6,100.0,20.0,mixed,10,1.0,1.0,LEXMMFSA,/home/franco/Documentos/Multistage Energy/Code_stochastique/codes/inst/inst2020,10_37324,true,1.4186415793746922e6,1.4186415793746894e6,1.290479299422532e6,1.573773718522949e6,0.6394579419556831,1.434755241423812e-5,10.997106144635248,196.13346147537231,173.74
10,Drahi_10.csv,6,6,4,0.2,100.0,10.0,mixed,5,1.0,1.0,LEXMMFSA,/home/franco/Documentos/Multistage Energy/Code_stochastique/codes/inst/inst2020,5_37324,true,719697.525654708,719697.5256547271,654782.7922554086,776408.5862148385,0.1636902256426147,9.64211167010467e-7,1.3186642679173686,104.10350823402405,96.99
10,Drahi_10.csv,6,6,4,0.2,100.0,20.0,mixed,5,1.0,1.0,LEXMMFSA,/home/franco/Documentos/Multistage Energy/Code_stochastique/codes/inst/inst2020,5_37324,true,703543.8180384168,703543.8180384011,632117.6978902146,806898.3767354161,0.31433500479453186,2.6363380238292233e-5,1.6736454162457792,104.43779492378235,97.55
10,Drahi_10.csv,6,6,4,0.6,100.0,10.0,mixed,5,1.0,1.0,LEXMMFSA,/home/franco/Documentos/Multistage Energy/Code_stochastique/codes/inst/inst2020,5_37324,true,583939.675422872,583939.6754229816,402958.1048232559,773699.7247346137,0.4257380908303015,8.65148995434836e-6,9.0106158124014,251.1861686706543,243.65
10,Drahi_10.csv,6,6,4,0.6,100.0,20.0,mixed,5,1.0,1.0,LEXMMFSA,/home/franco/Documentos/Multistage Energy/Code_stochastique/codes/inst/inst2020,5_37324,true,733095.6167229138,733095.6167230636,622340.379933784,843994.007956923,0.16429794037535841,7.942013280749777e-6,1.6660154566724736,435.35655188560486,426.84
10,Drahi_10.csv,6,6,4,0.2,100.0,10.0,mixed,10,1.0,1.0,LEXMMFSA,/home/franco/Documentos/Multistage Energy/Code_stochastique/codes/inst/inst2020,10_37324,true,1.4296801832023277e6,1.429680183202504e6,1.3211802193649374e6,1.5406845047675928e6,0.6176131600573821,1.512439779089113e-5,4.248661438872007,570.3311445713043,558.97
10,Drahi_10.csv,6,6,4,0.2,100.0,20.0,mixed,10,1.0,1.0,LEXMMFSA,/home/franco/Documentos/Multistage Energy/Code_stochastique/codes/inst/inst2020,10_37324,true,1.4099380997609443e6,1.4099380997609347e6,1.2875553449041082e6,1.5405794668345614e6,0.7383144362294849,2.8232301087293444e-6,4.953581627771136,444.4177622795105,427.54
10,Drahi_10.csv,6,6,4,0.6,100.0,10.0,mixed,10,1.0,1.0,LEXMMFSA,/home/franco/Documentos/Multistage Energy/Code_stochastique/codes/inst/inst2020,10_37324,true,1.5292386741351157e6,1.5292386741351024e6,1.4169165000264198e6,1.7326116815170737e6,5.138781359560669,1.1746633387107962e-5,3570.018324912537,361.54789328575134,352.84
10,Drahi_10.csv,6,6,4,0.6,100.0,20.0,mixed,10,1.0,1.0,LEXMMFSA,/home/franco/Documentos/Multistage Energy/Code_stochastique/codes/inst/inst2020,10_37324,true,1.563854209072148e6,1.5638542090722017e6,1.3961544256017483e6,1.742241724507561e6,0.9126523862165556,2.0565664912331696e-5,10.063394297690612,568.4105679988861,551.09
